id,Scene,Character,Cleaned_Sayings
1,Scene_1:_The_Carrot_Days_Talent_Show,Judy Hopps,"Fear. Treachery. Blood lust. Thousands of years ago, these were the forces that ruled our world. A world where prey were scared of predators. And predators had an uncontrollable, biological urge to maim and maul, and-"
2,Scene_1:_The_Carrot_Days_Talent_Show,Judy Hopps,Ahh! Blood! Blood! Blood! And... death!
3,Scene_1:_The_Carrot_Days_Talent_Show,Judy Hopps,"Back then, the world was divided in two - vicious predators  or meek prey. But over time, we evolved and looked beyond our primitive savage ways. Now, predator and prey live in harmony. And every young mammal has multitudinous opportunities."
4,Scene_1:_The_Carrot_Days_Talent_Show,Sharla,"Yeah, I don't have to cower in a herd anymore. Instead, I can be an astronaut!"
5,Scene_1:_The_Carrot_Days_Talent_Show,Jaguar,"I don't have to be a lonely hunter anymore. Today, I can hunt for tax exemptions; I'm gonna be an actuary!"
6,Scene_1:_The_Carrot_Days_Talent_Show,Judy Hopps,"And I can make the world a better place, I am going to be... ...a police officer!"
7,Scene_1:_The_Carrot_Days_Talent_Show,Gideon Grey,Bunny cop! That is the most stupidest thing I ever heard.
8,Scene_1:_The_Carrot_Days_Talent_Show,Judy Hopps,"It may seem impossible to small minds - I'm looking at you, Gideon Grey - ...but, just two-hundred and eleven miles away, stands the great city of Zootopia, where our ancestors first joined together in peace and declared that anyone can be anything! Thank you and good night!"
9,Scene_2:_Judy_Confronts_Gideon,Stu Hopps,"Judy, you ever wonder how your mom and me got to be so darn happy?"
10,Scene_2:_Judy_Confronts_Gideon,Judy Hopps,Nope!
11,Scene_2:_Judy_Confronts_Gideon,Stu Hopps,"Well, we gave up on our dreams and we settled, right, Bon?"
12,Scene_2:_Judy_Confronts_Gideon,Bonnie Hopps,"Oh, yes, that's right, Stu. We settled hard."
13,Scene_2:_Judy_Confronts_Gideon,Stu Hopps,"See, that's the beauty of complacency, Jude. If you don't try anything new, you'll never fail!"
14,Scene_2:_Judy_Confronts_Gideon,Judy Hopps,"I like trying, actually."
15,Scene_2:_Judy_Confronts_Gideon,Bonnie Hopps,"What your father means, hon, is it's gonna be difficult, impossible even, for you to become a police officer."
16,Scene_2:_Judy_Confronts_Gideon,Stu Hopps,Right! There's never been a bunny cop.
17,Scene_2:_Judy_Confronts_Gideon,Bonnie Hopps,No.
18,Scene_2:_Judy_Confronts_Gideon,Stu Hopps,Bunnies don't do that.
19,Scene_2:_Judy_Confronts_Gideon,Bonnie Hopps,Never!
20,Scene_2:_Judy_Confronts_Gideon,Stu Hopps,Never.
21,Scene_2:_Judy_Confronts_Gideon,Judy Hopps,"Oh... Then, I guess I'll have to be the first one! Because I am gonna make the world a better place!"
22,Scene_2:_Judy_Confronts_Gideon,Stu Hopps,"Or, uh, heck, you know, you want to talk about making the world a better place, no better way to do it than becoming a carrot farmer."
23,Scene_2:_Judy_Confronts_Gideon,Bonnie Hopps,"Yes! Your dad, me, your two-hundred seventy-five brothers and sisters, we're changing the world!"
24,Scene_2:_Judy_Confronts_Gideon,Stu Hopps,Yeah.
25,Scene_2:_Judy_Confronts_Gideon,Bonnie Hopps,One carrot at a time!
26,Scene_2:_Judy_Confronts_Gideon,Stu Hopps,Amen to that. Carrot farming is a noble profession.
27,Scene_2:_Judy_Confronts_Gideon,Bonnie Hopps,Mm-hm. Just putting the seeds in the ground.
28,Scene_2:_Judy_Confronts_Gideon,Stu Hopps,"Ahh, at one with the soil, just getting covered in dirt."
29,Scene_2:_Judy_Confronts_Gideon,Bonnie Hopps,"You get it, honey. Yeah, but it's great to have dreams."
30,Scene_2:_Judy_Confronts_Gideon,Stu Hopps,"Yeah, just as long as you don't believe in them too much. Where'd the heck she go?"
31,Scene_2:_Judy_Confronts_Gideon,Gideon Grey,"Give me your tickets right now, or I'm gonna kick your meek little sheep butt!"
32,Scene_2:_Judy_Confronts_Gideon,Sharla,"Ow! Cut it out, Gideon!"
33,Scene_2:_Judy_Confronts_Gideon,Gideon Grey,"Baaa, baaa! What are you gonna do? Cry?"
34,Scene_2:_Judy_Confronts_Gideon,Judy Hopps,Hey! You heard her. Cut it out.
35,Scene_2:_Judy_Confronts_Gideon,Gideon Grey,"Nice costume, loser! What crazy world are you living in where you think a bunny could be a cop?"
36,Scene_2:_Judy_Confronts_Gideon,Judy Hopps,Kindly return my friend's tickets.
37,Scene_2:_Judy_Confronts_Gideon,Gideon Grey,"Come and get them! But watch out,  because I'm a fox, and like you said in your dumb little stage play, us predators used to eat prey! And that killer instinct's still in our DANA."
38,Scene_2:_Judy_Confronts_Gideon,Travis,"Uh, I'm pretty much sure it's pronounced D-N-A."
39,Scene_2:_Judy_Confronts_Gideon,Gideon Grey,"Don't tell me what I know, Travis!"
40,Scene_2:_Judy_Confronts_Gideon,Judy Hopps,"You don't scare me, Gideon!"
41,Scene_2:_Judy_Confronts_Gideon,Gideon Grey,You scared now?
42,Scene_2:_Judy_Confronts_Gideon,Travis,Look at her nose twitch! She is scared!
43,Scene_2:_Judy_Confronts_Gideon,Gideon Grey,"Cry, little baby bunny, cry! Cryy- Oh, you don't know when to quit, do you? I want you to remember this moment the next time you think you will ever be anything more than just a stupid, carrot-farming, dumb bunny!"
44,Scene_2:_Judy_Confronts_Gideon,Gareth,That looks bad!
45,Scene_2:_Judy_Confronts_Gideon,Sharla,"Are you okay, Judy?"
46,Scene_2:_Judy_Confronts_Gideon,Judy Hopps,"Yeah, yeah. I'm okay. Here you go."
47,Scene_2:_Judy_Confronts_Gideon,Sharla,Wow! You got our tickets!
48,Scene_2:_Judy_Confronts_Gideon,Gareth,"You're awesome, Judy."
49,Scene_2:_Judy_Confronts_Gideon,Sharla,Yeah! That Gideon Grey doesn't know what he's talking about!
50,Scene_2:_Judy_Confronts_Gideon,Judy Hopps,"Well, he was right about one thing: I don't know when to quit!"
51,Scene_3:_The_Zootopia_Police_Academy,Major Friedkin,"Listen up, cadets! Zootopia has twelve unique ecosystems within its city limits. Tundratown! Sahara Square! Rainforest District - to name a few! You're gonna have to master all of them before you hit the streets, or guess what? You'll be dead!"
52,Scene_3:_The_Zootopia_Police_Academy,Major Friedkin,"Scorching sandstorm! You're dead, bunny bumpkin."
53,Scene_3:_The_Zootopia_Police_Academy,Major Friedkin,One-thousand-foot fall!
54,Scene_3:_The_Zootopia_Police_Academy,Judy Hopps,Whoa!
55,Scene_3:_The_Zootopia_Police_Academy,Major Friedkin,"You're dead, carrot face!"
56,Scene_3:_The_Zootopia_Police_Academy,Major Friedkin,Frigid ice-wall!
57,Scene_3:_The_Zootopia_Police_Academy,Judy Hopps,Whoop!
58,Scene_3:_The_Zootopia_Police_Academy,Major Friedkin,"You're dead, farm girl!"
59,Scene_3:_The_Zootopia_Police_Academy,Major Friedkin,"Enormous criminal! You're dead! Dead, dead, dead!"
60,Scene_3:_The_Zootopia_Police_Academy,Judy Hopps,Whoa!
61,Scene_3:_The_Zootopia_Police_Academy,Major Friedkin,"Filthy toilet! You're dead, fluff-butt! Just quit and go home, fuzzy bunny."
62,Scene_3:_The_Zootopia_Police_Academy,Stu Hopps,There's never been a bunny cop.
63,Scene_3:_The_Zootopia_Police_Academy,Bonnie Hopps,Never!
64,Scene_3:_The_Zootopia_Police_Academy,Stu Hopps,Never.
65,Scene_3:_The_Zootopia_Police_Academy,Gideon Grey,"...just a stupid, carrot-farming dumb bunny!"
66,Scene_4:_Judy's_Graduation_Ceremony,Leodore Lionheart,"As mayor of Zootopia, I am proud to announce that my mammal inclusion initiative has produced its first police academy graduate. Valedictorian of her class, ZPD's very first rabbit officer, Judy Hopps!"
67,Scene_4:_Judy's_Graduation_Ceremony,Stu Hopps,"Oh, gosh!"
68,Scene_4:_Judy's_Graduation_Ceremony,Leodore Lionheart,"Ahem, Assistant Mayor Bellwether, her badge."
69,Scene_4:_Judy's_Graduation_Ceremony,Dawn Bellwether,"Oh, yes, right!"
70,Scene_4:_Judy's_Graduation_Ceremony,Leodore Lionheart,Thank you.
71,Scene_4:_Judy's_Graduation_Ceremony,Hopps sibling,"Yay, Judy!"
72,Scene_4:_Judy's_Graduation_Ceremony,Leodore Lionheart,"Judy, it is my great privilege to officially assign you to the heart of Zootopia, precinct one, city center."
73,Scene_4:_Judy's_Graduation_Ceremony,Dawn Bellwether,"Congratulations, Officer Hopps."
74,Scene_4:_Judy's_Graduation_Ceremony,Judy Hopps,I won't let you down. This has been my dream since I was a kid.
75,Scene_4:_Judy's_Graduation_Ceremony,Dawn Bellwether,"You know, it's a - it's a real proud day for us little guys."
76,Scene_4:_Judy's_Graduation_Ceremony,Leodore Lionheart,"Bellwether, make room, will ya? Come on. Okay, Officer Hopps. Let's see those teeth!"
77,Scene_5:_Judy_Travels_to_Zootopia,Bonnie Hopps,"We're real proud of you, Judy."
78,Scene_5:_Judy_Travels_to_Zootopia,Stu Hopps,"Yup, and scared too."
79,Scene_5:_Judy_Travels_to_Zootopia,Bonnie Hopps,Yes.
80,Scene_5:_Judy_Travels_to_Zootopia,Stu Hopps,"Really, it's a - it's kind of a proud-scared combo. I mean, Zootopia, so far away, such a big city."
81,Scene_5:_Judy_Travels_to_Zootopia,Judy Hopps,"Guys, I've been working for this my whole life."
82,Scene_5:_Judy_Travels_to_Zootopia,Bonnie Hopps,"We know, and we're just a little excited for you, but terrified."
83,Scene_5:_Judy_Travels_to_Zootopia,Judy Hopps,The only thing we have to fear is fear itself.
84,Scene_5:_Judy_Travels_to_Zootopia,Stu Hopps,"And also bears. We have bears to fear too, say nothing of lions and wolves-"
85,Scene_5:_Judy_Travels_to_Zootopia,Bonnie Hopps,Wolves?
86,Scene_5:_Judy_Travels_to_Zootopia,Stu Hopps,Weasels!
87,Scene_5:_Judy_Travels_to_Zootopia,Bonnie Hopps,You play cribbage with a weasel.
88,Scene_5:_Judy_Travels_to_Zootopia,Stu Hopps,"Yeah, and he cheats like there's no tomorrow. You know what? Pretty much all predators, and Zootopia's full of them."
89,Scene_5:_Judy_Travels_to_Zootopia,Bonnie Hopps,"Oh, Stu."
90,Scene_5:_Judy_Travels_to_Zootopia,Stu Hopps,And foxes are the worst!
91,Scene_5:_Judy_Travels_to_Zootopia,Bonnie Hopps,"Actually, your father does have a point there. It's in their biology. Remember what happened with Gideon Grey?"
92,Scene_5:_Judy_Travels_to_Zootopia,Judy Hopps,When I was nine. Gideon Grey was a jerk who happened to be a fox. I know plenty of bunnies who are jerks.
93,Scene_5:_Judy_Travels_to_Zootopia,Stu Hopps,"Sure, yeah, we all do, absolutely. But just in case, we made a little care package to take with you."
94,Scene_5:_Judy_Travels_to_Zootopia,Bonnie Hopps,Mm-mm. I put some snacks in there.
95,Scene_5:_Judy_Travels_to_Zootopia,Stu Hopps,This is fox deterrent.
96,Scene_5:_Judy_Travels_to_Zootopia,Bonnie Hopps,"Yeah, that's safe to have that."
97,Scene_5:_Judy_Travels_to_Zootopia,Stu Hopps,This is fox repellent.
98,Scene_5:_Judy_Travels_to_Zootopia,Bonnie Hopps,"Okay, the deterrent and the repellent, that's all she needs."
99,Scene_5:_Judy_Travels_to_Zootopia,Stu Hopps,Check this out!
100,Scene_5:_Judy_Travels_to_Zootopia,Bonnie Hopps,"Oh, for goodness sake! She has no need for a fox taser, Stu!"
101,Scene_5:_Judy_Travels_to_Zootopia,Stu Hopps,"Oh, come on, when is there not a need for a fox taser?"
102,Scene_5:_Judy_Travels_to_Zootopia,Judy Hopps,"Okay, look! I will take this, to make you stop talking."
103,Scene_5:_Judy_Travels_to_Zootopia,Stu Hopps,Terrific! Everyone wins!
104,Scene_5:_Judy_Travels_to_Zootopia,Announcer,"Arriving, Zootopia Express."
105,Scene_5:_Judy_Travels_to_Zootopia,Judy Hopps,"Okay, gotta go. Bye! I love you guys!"
106,Scene_5:_Judy_Travels_to_Zootopia,Bonnie Hopps,"Love you, too."
107,Scene_5:_Judy_Travels_to_Zootopia,Stu Hopps,"Oh, cripes. Here come the waterworks. Oh, geez..."
108,Scene_5:_Judy_Travels_to_Zootopia,Bonnie Hopps,"Oh, Stu, pull it together."
109,Scene_5:_Judy_Travels_to_Zootopia,Judy Hopps,"Bye, everybody!"
110,Scene_5:_Judy_Travels_to_Zootopia,Stu Hopps,"Bye. Bye, Judy!"
111,Scene_5:_Judy_Travels_to_Zootopia,Cotton,"Bye, Judy, I love you! Bye! Bye!"
112,Scene_5:_Judy_Travels_to_Zootopia,Judy Hopps,Bye!
113,Scene_5:_Judy_Travels_to_Zootopia,Gazelle,I'm Gazelle. Welcome to Zootopia.
114,Scene_6:_The_Grand_Pangolin_Arms,Dharma Armadillo,"And welcome to the Grand Pangolin Arms, luxury apartments with charm. Complementary de-lousing once a month... Don't lose your key."
115,Scene_6:_The_Grand_Pangolin_Arms,Judy Hopps,"Thank you. Oh, hi! I'm Judy, your new neighbor."
116,Scene_6:_The_Grand_Pangolin_Arms,Bucky Oryx-Antlerson,"Yeah? Well, we're loud."
117,Scene_6:_The_Grand_Pangolin_Arms,Pronk Oryx-Antlerson,Don't expect us to apologize for it.
118,Scene_6:_The_Grand_Pangolin_Arms,Judy Hopps,Greasy walls... Rickety bed... Crazy neighbors... I love it!!
119,Scene_6:_The_Grand_Pangolin_Arms,Judy Hopps,Eh...
120,Scene_7:_The_Bullpen,Muzzled wolf,Come on! He bared his teeth first!
121,Scene_7:_The_Bullpen,Benjamin Clawhauser,Mm-mm-mmm!
122,Scene_7:_The_Bullpen,Judy Hopps,Excuse me!
123,Scene_7:_The_Bullpen,Benjamin Clawhauser,Hm?
124,Scene_7:_The_Bullpen,Judy Hopps,Down here! Hi!
125,Scene_7:_The_Bullpen,Benjamin Clawhauser,"O.M. Goodness. They really did hire a bunny. What?! Heh, I gotta tell you, you are even cuter than I thought you'd be!"
126,Scene_7:_The_Bullpen,Judy Hopps,"Ooh, uh, you probably didn't know, but a bunny can call another bunny cute, but when other animals do it, it's a little..."
127,Scene_7:_The_Bullpen,Benjamin Clawhauser,"I am so sorry! Me, Benjamin Clawhauser, the guy everyone thinks is just a flabby, donut-loving cop stereotyping you. Aw..."
128,Scene_7:_The_Bullpen,Judy Hopps,"That's okay. Oh, you've actually - you've actually got... There's a..."
129,Scene_7:_The_Bullpen,Benjamin Clawhauser,Um... A what?
130,Scene_7:_The_Bullpen,Judy Hopps,"In your neck, the fold... The - the, there's..."
131,Scene_7:_The_Bullpen,Benjamin Clawhauser,"Where? Oh, there you went, you little dickens! Nom!"
132,Scene_7:_The_Bullpen,Judy Hopps,"I should get to roll call, so which way do I-"
133,Scene_7:_The_Bullpen,Benjamin Clawhauser,"Oh, bullpen's over there to the left."
134,Scene_7:_The_Bullpen,Judy Hopps,Great. Thank you!
135,Scene_7:_The_Bullpen,Benjamin Clawhauser,Aww! That poor little bunny's gonna get eaten alive.
136,Scene_7:_The_Bullpen,Judy Hopps,Hey! Officer Hopps. You ready to make the world a better place?
137,Scene_7:_The_Bullpen,Officer Higgins,Atten-hut!
138,Scene_7:_The_Bullpen,Chief Bogo,Alright. Alright! Everybody sit. I've got three items on the docket. First... we need to acknowledge the elephant in the room. Francine. Happy birthday.
139,Scene_7:_The_Bullpen,Francine Pennington,"Heh, oh yeah?"
140,Scene_7:_The_Bullpen,Judy Hopps,"Oh, oh..."
141,Scene_7:_The_Bullpen,Chief Bogo,"Number two; there are some new recruits with us I should introduce, but I'm not going to, because I don't care."
142,Scene_7:_The_Bullpen,Chief Bogo,"Finally; we have fourteen missing mammal cases - all predators - from a giant polar bear to a teensy little otter, and City Hall is right up my tail to find them! This is priority number one. Assignments: Officers Grizzoli, Fangmeyer, Delgato; your teams take missing mammals from the Rainforest District. Officers McHorn, Rhinowitz, Wolfard; your teams take Sahara Square. Officers Higgins, Snarlov, Trunkaby: Tundratown. And finally our first bunny: Officer Hopps... parking duty. Dismissed."
143,Scene_7:_The_Bullpen,Judy Hopps,"Parking duty? Chief? Chief Bogo? Sir, you said there were fourteen missing mammal cases."
144,Scene_7:_The_Bullpen,Chief Bogo,So?
145,Scene_7:_The_Bullpen,Judy Hopps,"So I can handle one. You probably forgot, but I was top of my class at the academy."
146,Scene_7:_The_Bullpen,Chief Bogo,Didn't forget. Just don't care.
147,Scene_7:_The_Bullpen,Judy Hopps,"Sir, I'm not just some token bunny."
148,Scene_7:_The_Bullpen,Chief Bogo,"Well then, writing one hundred tickets a day should be easy."
149,Scene_7:_The_Bullpen,Judy Hopps,"A hundred tickets, I'm not gonna write a hundred tickets. I'm gonna write two-hundred tickets! Before noon!"
150,Scene_8:_Enter_Nick_Wilde,Judy Hopps,Boom! Two-hundred tickets before noon. Ugh... two-o-one.
151,Scene_8:_Enter_Nick_Wilde,Doug Ramses,"Hey, watch where you're going, fox!"
152,Scene_8:_Enter_Nick_Wilde,Judy Hopps,Mmm. Where'd he go?
153,Scene_8:_Enter_Nick_Wilde,"Jerry Jumbeaux, Jr.","Listen, I don't know what you're doing skulking around during daylight hours, but I don't want any trouble in here, so hit the road!"
154,Scene_8:_Enter_Nick_Wilde,Nick Wilde,"I'm not looking for any trouble either, sir. I simply wanna buy a Jumbo-pop for my little boy. You want the red or the blue, pal?"
155,Scene_8:_Enter_Nick_Wilde,Judy Hopps,"Ugh, I'm such a -"
156,Scene_8:_Enter_Nick_Wilde,"Jerry Jumbeaux, Jr.","Okay, come on, kid, back up. Listen, buddy, what? There aren't any fox ice cream joints in your part of town?"
157,Scene_8:_Enter_Nick_Wilde,Nick Wilde,"Uh, no, no. There are, there are. It's just, my boy, this goofy little stinker, he loves all things elephant, wants to be one when he grows up. Is that adorable?"
158,Scene_8:_Enter_Nick_Wilde,Judy Hopps,Aww...
159,Scene_8:_Enter_Nick_Wilde,Nick Wilde,"Who the heck am I to crush his little dreams, huh? Right?"
160,Scene_8:_Enter_Nick_Wilde,"Jerry Jumbeaux, Jr.","Look, you probably can't read, fox, but the sign says ""We reserve the right to refuse service to anyone"", so beat it!"
161,Scene_8:_Enter_Nick_Wilde,Francine Pennington,You're holding up the line!
162,Scene_8:_Enter_Nick_Wilde,Judy Hopps,Hello? Excuse me?
163,Scene_8:_Enter_Nick_Wilde,"Jerry Jumbeaux, Jr.","Hey, you're gonna have to wait your turn like everyone else, meter maid."
164,Scene_8:_Enter_Nick_Wilde,Judy Hopps,"Actually, I'm an officer. Just had a quick question: are your customers aware they're getting snot and mucus with their cookies and cream?"
165,Scene_8:_Enter_Nick_Wilde,"Jerry Jumbeaux, Jr.",What are you talking about?
166,Scene_8:_Enter_Nick_Wilde,Judy Hopps,"Well, I don't wanna cause you any trouble, but I believe scooping ice cream with an ungloved trunk is a class-three health code violation. Which is kind of a big deal. Of course I can let you off with a warning if you glove those trunks and, I don't know, finish selling this nice dad and his son a... What was it?"
167,Scene_8:_Enter_Nick_Wilde,Nick Wilde,A jumbo pop. Please.
168,Scene_8:_Enter_Nick_Wilde,Judy Hopps,A jumbo pop.
169,Scene_8:_Enter_Nick_Wilde,"Jerry Jumbeaux, Jr.",Fifteen dollars.
170,Scene_8:_Enter_Nick_Wilde,Nick Wilde,"Thank you so much. Thank you. Oh no, are you kidding me? I don't have my wallet! I'd lose my head if it weren't attached to my neck. That's the truth. Oh boy, I'm sorry, pal. Got to be about the worst birthday ever. Please don't be mad at me. Thanks anyway."
171,Scene_8:_Enter_Nick_Wilde,Judy Hopps,Keep the change.
172,Scene_8:_Enter_Nick_Wilde,Nick Wilde,"Officer, I can't thank you enough. So kind, really. Can I pay you back?"
173,Scene_8:_Enter_Nick_Wilde,Judy Hopps,"Oh no, my treat. It just - you know, it burns me up to see folks with such backward attitudes toward foxes. I just wanna say that you're a great dad and just a... A real articulate fella."
174,Scene_8:_Enter_Nick_Wilde,Nick Wilde,"Well, that is high praise. It's rare that I find someone so non-patronizing. Officer..."
175,Scene_8:_Enter_Nick_Wilde,Judy Hopps,Hopps. Mr...
176,Scene_8:_Enter_Nick_Wilde,Nick Wilde,Wilde. Nick Wilde.
177,Scene_8:_Enter_Nick_Wilde,Judy Hopps,"And you, little guy, you want to be an elephant when you grow up? You be an elephant. Because this is Zootopia. Anyone can be anything."
178,Scene_8:_Enter_Nick_Wilde,Nick Wilde,"Ah, boy, I tell him that all the time. Alright, here you go. Two paws, yeah. Oh, look at that smile , that's a happy birthday smile! All right. Give her a little bye-bye toot-toot!"
179,Scene_8:_Enter_Nick_Wilde,Judy Hopps,Toot-toot!
180,Scene_8:_Enter_Nick_Wilde,Nick Wilde,Bye now!
181,Scene_8:_Enter_Nick_Wilde,Judy Hopps,Goodbye!
182,Scene_9:_The_Pawpsicle_Scam,Judy Hopps,"Oh! Hey, little toot-toot..."
183,Scene_9:_The_Pawpsicle_Scam,Nick Wilde,Popsicles! Get your popsicles.
184,Scene_9:_The_Pawpsicle_Scam,Nick Wilde,Lumber delivery!
185,Scene_9:_The_Pawpsicle_Scam,Mouse foreman,What's with the color?
186,Scene_9:_The_Pawpsicle_Scam,Nick Wilde,The color? Uhh... It's red wood.
187,Scene_10:_Judy_Attempts_to_Arrest_Nick,Nick Wilde,"Thirty-nine, forty. There you go. Way to work that diaper, big guy! Hey! No kiss bye-bye for daddy?"
188,Scene_10:_Judy_Attempts_to_Arrest_Nick,Finnick,"You kiss me tomorrow, I'll bite your face off! Ciao."
189,Scene_10:_Judy_Attempts_to_Arrest_Nick,Judy Hopps,"Well. I stood up for you, and you lied to me. You liar!"
190,Scene_10:_Judy_Attempts_to_Arrest_Nick,Nick Wilde,"It's called a hustle, sweetheart. And I'm not the liar, he is!"
191,Scene_10:_Judy_Attempts_to_Arrest_Nick,Judy Hopps,"Hey! All right, slick Nick, you're under arrest."
192,Scene_10:_Judy_Attempts_to_Arrest_Nick,Nick Wilde,"Really, for what?"
193,Scene_10:_Judy_Attempts_to_Arrest_Nick,Judy Hopps,"Gee, I don't know. How about selling food without a permit, transporting undeclared commerce across borough lines, false advertising..."
194,Scene_10:_Judy_Attempts_to_Arrest_Nick,Nick Wilde,"Permit, receipt of declared commerce, and I did not falsely advertise anything. Take care."
195,Scene_10:_Judy_Attempts_to_Arrest_Nick,Judy Hopps,You told that mouse the popsicle sticks were redwood!
196,Scene_10:_Judy_Attempts_to_Arrest_Nick,Nick Wilde,"That's right. Red wood. With a space in the middle. Wood that is red. You can't touch me, Carrots. I've been doing this since I was born."
197,Scene_10:_Judy_Attempts_to_Arrest_Nick,Judy Hopps,"You're gonna want to refrain from calling me ""Carrots."""
198,Scene_10:_Judy_Attempts_to_Arrest_Nick,Nick Wilde,"My bad, I just naturally assumed you came from some little carrot-choked Podunk, no?"
199,Scene_10:_Judy_Attempts_to_Arrest_Nick,Judy Hopps,"Uh, no. Podunk is in Deerbrooke County and I grew up in Bunnyburrow."
200,Scene_10:_Judy_Attempts_to_Arrest_Nick,Nick Wilde,"Okay. Tell me if this story sounds familiar. Naive little hick with good grades and big ideas decides, ""Hey, look at me, I'm gonna move to Zootopia, where predators and prey live in harmony and sing ""Kumbaya."" Only to find - whoopsie - we don't all get along. And that dream of becoming a big-city cop? Double whoopsie! She's a meter maid. And whoopsie number three-sie, no one cares about her or her dreams. And soon enough those dreams die, and our bunny sinks into emotional and literal squalor, living in a box under a bridge. Till, finally, she has no choice but to go back home with that cute fuzzy-wuzzy little tail between her legs to become... You're from Bunnyburrow, is that what you said? So how about a carrot farmer? Does That sound about right? Be careful now, or it won't just be your dreams getting crushed."
201,Scene_10:_Judy_Attempts_to_Arrest_Nick,Judy Hopps,"Hey, hey! No one tells me what I can or can't be! Especially not some jerk who never had the guts to try and be anything more than a pawpsicle Popsicle hustler."
202,Scene_10:_Judy_Attempts_to_Arrest_Nick,Nick Wilde,"All right, look, everyone comes to Zootopia thinking they can be anything they want. Well, you can’t. You can only be what you are. Sly fox, dumb bunny."
203,Scene_10:_Judy_Attempts_to_Arrest_Nick,Judy Hopps,I am not a dumb bunny.
204,Scene_10:_Judy_Attempts_to_Arrest_Nick,Nick Wilde,"Right. And that's not wet cement. You'll never be a real cop. You're a cute meter maid, though. Maybe a supervisor one day. Hang in there!"
205,Scene_11:_Muzzletime,Judy Hopps,"Oh, hey, it's my parents!"
206,Scene_11:_Muzzletime,Bonnie Hopps,"Oh, there she is! Hi, sweetheart!"
207,Scene_11:_Muzzletime,Stu Hopps,"Hey there, Jude the Dude! How was your first day on the force?"
208,Scene_11:_Muzzletime,Judy Hopps,It was real great.
209,Scene_11:_Muzzletime,Bonnie Hopps,Yeah? Everything you ever hoped?
210,Scene_11:_Muzzletime,Judy Hopps,"Mm-hmm, absolutely and more! Everyone's so nice, and I feel like I'm really making a difference."
211,Scene_11:_Muzzletime,Stu Hopps,"Wait a second... Holy cripes, Bonnie, look at that!"
212,Scene_11:_Muzzletime,Bonnie Hopps,"Oh, my sweet heaven! Judy, are you a meter maid?"
213,Scene_11:_Muzzletime,Judy Hopps,"Oh, this - No! Oh, no. No, this is just a temporary thing!"
214,Scene_11:_Muzzletime,Bonnie Hopps,Oh! It's the safest job on the force!
215,Scene_11:_Muzzletime,Stu Hopps,"Oh, she's not a real cop. Our prayers have been answered!"
216,Scene_11:_Muzzletime,Bonnie Hopps,Glorious day!
217,Scene_11:_Muzzletime,Stu Hopps,"Ho-ho! Meter maid, meter maid, meter maid, meter maid!"
218,Scene_11:_Muzzletime,Judy Hopps,"Dad. Dad! Dad! You know what, it's been a really long day, I should really..."
219,Scene_11:_Muzzletime,Bonnie Hopps,"That's right, you get some rest!"
220,Scene_11:_Muzzletime,Stu Hopps,Those meters aren't gonna maid themselves!
221,Scene_11:_Muzzletime,Bonnie Hopps,Bye-bye!
222,Scene_11:_Muzzletime,Judy Hopps,Buh-bye...
223,Scene_11:_Muzzletime,Pronk Oryx-Antlerson,"Hey, bunny, turn down that depressing music!"
224,Scene_11:_Muzzletime,Bucky Oryx-Antlerson,Leave the meter maid alone! Didn't you hear her conversation? She feels like a failure!
225,Scene_11:_Muzzletime,Pronk Oryx-Antlerson,"Oh, shut up!"
226,Scene_11:_Muzzletime,Bucky Oryx-Antlerson,You shut up!
227,Scene_11:_Muzzletime,Pronk Oryx-Antlerson,You shut up!
228,Scene_11:_Muzzletime,Bucky Oryx-Antlerson,You shut up!
229,Scene_11:_Muzzletime,Judy Hopps,Tomorrow's another day...
230,Scene_11:_Muzzletime,Pronk Oryx-Antlerson,"Yeah, but it might be worse!"
231,Scene_12:_The_Chase_in_Little_Rodentia,Peter Moosebridge,I was thirty seconds over!
232,Scene_12:_The_Chase_in_Little_Rodentia,Parking Ticket Mouse,"Ugh! Yeah, you're a real hero, lady!"
233,Scene_12:_The_Chase_in_Little_Rodentia,Hippo Girl,My mommy says she wishes you were dead.
234,Scene_12:_The_Chase_in_Little_Rodentia,Offscreen character,"Uncool, Rabbit! My tax dollars pay your salary!"
235,Scene_12:_The_Chase_in_Little_Rodentia,Judy Hopps,"I am a real cop, I am a real cop, I am a real cop, I am a real cop..."
236,Scene_12:_The_Chase_in_Little_Rodentia,Frantic Pig,"Hey! Hey, hey! You, bunny!"
237,Scene_12:_The_Chase_in_Little_Rodentia,Judy Hopps,"Sir, if you have a grievance, you may contest your citation in traffic court."
238,Scene_12:_The_Chase_in_Little_Rodentia,Frantic Pig,"What are you talking about?! My shop! It was just robbed! Look, he's getting away! Well, are you a cop or not?!"
239,Scene_12:_The_Chase_in_Little_Rodentia,Judy Hopps,"Oh! Yes. Yes! Don't worry, sir, I got this! Stop! Stop in the name of the law!"
240,Scene_12:_The_Chase_in_Little_Rodentia,Duke Weaselton,"Catch me if ya can, cottontail! Coming through!"
241,Scene_12:_The_Chase_in_Little_Rodentia,Officer McHorn,"This is Officer McHorn, we got a 10-31. Huh?"
242,Scene_12:_The_Chase_in_Little_Rodentia,Judy Hopps,"I got dibs! Officer Hopps, I am in pursuit! Woot-woot!"
243,Scene_12:_The_Chase_in_Little_Rodentia,Judy Hopps,You! Freeze!
244,Scene_12:_The_Chase_in_Little_Rodentia,Officer McHorn,Hey! Meter maid! Wait for the real cops!
245,Scene_12:_The_Chase_in_Little_Rodentia,Judy Hopps,Stop!
246,Scene_12:_The_Chase_in_Little_Rodentia,Duke Weaselton,Ha ha ha ha!
247,Scene_12:_The_Chase_in_Little_Rodentia,Judy Hopps,"Oh! Sorry, coming through! Excuse me. Excuse me. Pardon. Aaahh!"
248,Scene_12:_The_Chase_in_Little_Rodentia,Duke Weaselton,"Bon voyage-y, flatfoot!"
249,Scene_12:_The_Chase_in_Little_Rodentia,Judy Hopps,Hey! Stop right there!
250,Scene_12:_The_Chase_in_Little_Rodentia,Duke Weaselton,"Have a donut, coppa!"
251,Scene_12:_The_Chase_in_Little_Rodentia,Fru Fru,"Oh my Gawod, did you see those leopard print jeggings?"
252,Scene_12:_The_Chase_in_Little_Rodentia,Judy Hopps,Oh!
253,Scene_12:_The_Chase_in_Little_Rodentia,Judy Hopps,Whew! I love your hair.
254,Scene_12:_The_Chase_in_Little_Rodentia,Fru Fru,Aw... Thank you!
255,Scene_12:_The_Chase_in_Little_Rodentia,Duke Weaselton,Come to papa!
256,Scene_12:_The_Chase_in_Little_Rodentia,Benjamin Clawhauser,"Okay. You're gonna have to be patient and wait in line just like everyone else, Mrs. Otterton, okay?"
257,Scene_12:_The_Chase_in_Little_Rodentia,Judy Hopps,I popped the weasel!
258,Scene_12:_The_Chase_in_Little_Rodentia,Chief Bogo,HOPPS!
259,Scene_12:_The_Chase_in_Little_Rodentia,Chief Bogo,"Abandoning your post, inciting a scurry, reckless endangerment of rodents. But - to be fair - you did stop a master criminal from stealing two-dozen moldy onions."
260,Scene_13:_Judy_Takes_the_Otterton_Case,Judy Hopps,"Mmm, hate to disagree with you, sir, but those aren't onions. Those are a crocus varietal called Midnicampum holicithiuas. They're a Class -C botanical, sir. Well, I grew up in a family where plant husbandry was kind of a thing--"
261,Scene_13:_Judy_Takes_the_Otterton_Case,Chief Bogo,Shut your tiny mouth now!
262,Scene_13:_Judy_Takes_the_Otterton_Case,Judy Hopps,"Sir, I got the bad guy. That's my job!"
263,Scene_13:_Judy_Takes_the_Otterton_Case,Chief Bogo,Your job is putting tickets on parked cars!
264,Scene_13:_Judy_Takes_the_Otterton_Case,Benjamin Clawhauser,"Chief, uh, Mrs. Otterton's here to see you again."
265,Scene_13:_Judy_Takes_the_Otterton_Case,Chief Bogo,Not now.
266,Scene_13:_Judy_Takes_the_Otterton_Case,Benjamin Clawhauser,"Okay, I just didn't know if you wanted to take it this time, she seems really upset..."
267,Scene_13:_Judy_Takes_the_Otterton_Case,Chief Bogo,NOT! NOW!
268,Scene_13:_Judy_Takes_the_Otterton_Case,Judy Hopps,"Sir, I don't wanna be a meter maid. I wanna be a real cop."
269,Scene_13:_Judy_Takes_the_Otterton_Case,Chief Bogo,Do you think the Mayor asked what I wanted when he assigned you to me?!
270,Scene_13:_Judy_Takes_the_Otterton_Case,Judy Hopps,"But, sir, if-"
271,Scene_13:_Judy_Takes_the_Otterton_Case,Chief Bogo,Life isn't some cartoon musical where you sing a little song and your insipid dreams magically come true! So let. It. Go.
272,Scene_13:_Judy_Takes_the_Otterton_Case,Mrs. Otterton,"Chief Bogo, please! Five minutes of your time, please!"
273,Scene_13:_Judy_Takes_the_Otterton_Case,Benjamin Clawhauser,"I'm sorry, sir... I tried to stop her, she's super slippery... I gotta go sit down..."
274,Scene_13:_Judy_Takes_the_Otterton_Case,Chief Bogo,"Ma'am, as I've told you, we're doing everything we can."
275,Scene_13:_Judy_Takes_the_Otterton_Case,Mrs. Otterton,My husband has been missing for ten days. His name is Emmitt Otterton.
276,Scene_13:_Judy_Takes_the_Otterton_Case,Chief Bogo,"Yes, I know."
277,Scene_13:_Judy_Takes_the_Otterton_Case,Mrs. Otterton,He's a florist. We have two beautiful children. He would never just disappear.
278,Scene_13:_Judy_Takes_the_Otterton_Case,Chief Bogo,"Ma'am, our detectives are very busy."
279,Scene_13:_Judy_Takes_the_Otterton_Case,Mrs. Otterton,Please! There's gotta be somebody to find my Emmitt.
280,Scene_13:_Judy_Takes_the_Otterton_Case,Chief Bogo,Mrs. Otterton-
281,Scene_13:_Judy_Takes_the_Otterton_Case,Judy Hopps,I will find him.
282,Scene_13:_Judy_Takes_the_Otterton_Case,Mrs. Otterton,"Oh, thank you! Bless you, bless you little bunny! Oh! Heh. Take this, find my Emmitt. Bring him home to me and my babies, please."
283,Scene_13:_Judy_Takes_the_Otterton_Case,Chief Bogo,"Ahem! Mrs. Otterton, please wait out here."
284,Scene_13:_Judy_Takes_the_Otterton_Case,Mrs. Otterton,"Of course. Oh, thank you both so much."
285,Scene_13:_Judy_Takes_the_Otterton_Case,Chief Bogo,One second. You're... fired.
286,Scene_13:_Judy_Takes_the_Otterton_Case,Judy Hopps,What? Why?!
287,Scene_13:_Judy_Takes_the_Otterton_Case,Chief Bogo,"Insubordination! Now, I'm going to open this door and you're going to tell that otter you're a former meter maid with delusions of grandeur who will not be taking the case."
288,Scene_13:_Judy_Takes_the_Otterton_Case,Dawn Bellwether,I just heard Officer Hopps is taking the case!
289,Scene_13:_Judy_Takes_the_Otterton_Case,Chief Bogo,Assistant Mayor Bellwether!
290,Scene_13:_Judy_Takes_the_Otterton_Case,Dawn Bellwether,The mammal inclusion initiative is really starting to pay off. Mayor Lionheart is just gonna be so jazzed!
291,Scene_13:_Judy_Takes_the_Otterton_Case,Chief Bogo,"No, no. Let's not tell the mayor just yet!"
292,Scene_13:_Judy_Takes_the_Otterton_Case,Dawn Bellwether,"And sent it, and it is done, so I did do that. All right, well, I'd say the case is in good hands. Us little guys really need to... stick together, right?"
293,Scene_13:_Judy_Takes_the_Otterton_Case,Judy Hopps,Like glue.
294,Scene_13:_Judy_Takes_the_Otterton_Case,Dawn Bellwether,"Good one. Yeah. Just call me if you ever need anything, okay? You've always got a friend at City Hall, Judy. Alright. Bye-bye!"
295,Scene_13:_Judy_Takes_the_Otterton_Case,Judy Hopps,"Thank you, ma'am."
296,Scene_13:_Judy_Takes_the_Otterton_Case,Chief Bogo,I will give you 48 hours.
297,Scene_13:_Judy_Takes_the_Otterton_Case,Judy Hopps,Yes!
298,Scene_13:_Judy_Takes_the_Otterton_Case,Chief Bogo,That's two days to find Emmitt Otterton.
299,Scene_13:_Judy_Takes_the_Otterton_Case,Judy Hopps,Okay.
300,Scene_13:_Judy_Takes_the_Otterton_Case,Chief Bogo,"But! You strike out, you resign."
301,Scene_13:_Judy_Takes_the_Otterton_Case,Judy Hopps,Oh. Uh... Okay. Deal.
302,Scene_13:_Judy_Takes_the_Otterton_Case,Chief Bogo,Splendid. Clawhauser will give you the complete case file.
303,Scene_14:_Otterton's_File,Benjamin Clawhauser,Here you go! One missing otter!
304,Scene_14:_Otterton's_File,Judy Hopps,That's it?!
305,Scene_14:_Otterton's_File,Benjamin Clawhauser,"Yikes! That is the smallest case file I've ever seen. Leads: none, witnesses: none, and you're not in the computer system yet, so resources: none! Oh, I hope you didn't stake your career on cracking this one!"
306,Scene_14:_Otterton's_File,Judy Hopps,Okay. Last known sighting. Can I just borrow... Thank you. Popsicle...
307,Scene_14:_Otterton's_File,Benjamin Clawhauser,The murder weapon...
308,Scene_14:_Otterton's_File,Judy Hopps,"""Get your Popsicle..."""
309,Scene_14:_Otterton's_File,Benjamin Clawhauser,"Yeah, 'cause that... what does that mean?"
310,Scene_14:_Otterton's_File,Judy Hopps,It means... I have a lead.
311,Scene_15:_Judy's_Hustle,Judy Hopps,Hi! Hello! It's me again.
312,Scene_15:_Judy's_Hustle,Nick Wilde,"Hey, it's Officer Toot-toot!"
313,Scene_15:_Judy's_Hustle,Judy Hopps,"Ha-ha-ho... No. Actually, it's Officer Hopps and I'm here to ask you some questions about a case."
314,Scene_15:_Judy's_Hustle,Nick Wilde,"What happened, meter maid? Did someone steal a traffic cone? It wasn't me. Hey, Carrots, you're gonna wake the baby. I gotta get to work."
315,Scene_15:_Judy's_Hustle,Judy Hopps,"This is important, sir. I think your ten dollars worth of  popsicles can wait."
316,Scene_15:_Judy's_Hustle,Nick Wilde,"Ha! I make two hundred bucks a day, Fluff. Three hundred and sixty-five days a year since I was twelve. And time is money. Hop along."
317,Scene_15:_Judy's_Hustle,Judy Hopps,"Please, just look at the picture. You sold Mr. Otterton that popsicle, right? Do you know him?"
318,Scene_15:_Judy's_Hustle,Nick Wilde,"I know everybody. And I also know that, somewhere, there's a toy store missing its stuffed animal. So why don't you get back to your box?"
319,Scene_15:_Judy's_Hustle,Judy Hopps,Fine. Then we'll have to do this the hard way.
320,Scene_15:_Judy's_Hustle,Nick Wilde,Did you just boot my stroller?
321,Scene_15:_Judy's_Hustle,Judy Hopps,"Nicholas Wilde, you are under arrest!"
322,Scene_15:_Judy's_Hustle,Nick Wilde,For what? Hurting your feewings?
323,Scene_15:_Judy's_Hustle,Judy Hopps,"Felony tax evasion. Yeeaah... two hundred dollars a day, three hundred and sixty-five days a year since you were twelve, that's two decades, so times twenty which is... one million four hundred sixty thousand - I think. I mean, I am just a dumb bunny, but we are good at multiplying. Anyway, according to your tax forms, you reported, let me see here, zero! Unfortunately, lying on a federal form is a punishable offense. Five years jail time."
324,Scene_15:_Judy's_Hustle,Nick Wilde,"Well, it's my word against yours."
325,Scene_15:_Judy's_Hustle,Nick Wilde,"...two hundred bucks a day, Fluff. Three hundred and sixty-five days a year since I was twelve."
326,Scene_15:_Judy's_Hustle,Judy Hopps,"Actually, it's your word against yours. And if you want this pen, you're going to help me find this poor missing otter, or the only place you'll be selling popsicles is the prison cafeteria. It's called a hustle, sweetheart."
327,Scene_15:_Judy's_Hustle,Finnick,"She hustled you. She hustled you good! You're a cop now, Nick! You're gonna need one of these. Have fun working with the fuzz!"
328,Scene_15:_Judy's_Hustle,Judy Hopps,Start talking.
329,Scene_15:_Judy's_Hustle,Nick Wilde,"I don't know where he is, I only saw where he went."
330,Scene_15:_Judy's_Hustle,Judy Hopps,Great! Let's go!
331,Scene_15:_Judy's_Hustle,Nick Wilde,It's not exactly a place for a cute little bunny.
332,Scene_15:_Judy's_Hustle,Judy Hopps,Don't call me cute! Get in the car.
333,Scene_15:_Judy's_Hustle,Nick Wilde,"Okay, you're the boss."
334,Scene_16:_The_Mystic_Spring_Oasis,Yax,Ohm... Ohm... Ohm...
335,Scene_16:_The_Mystic_Spring_Oasis,Judy Hopps,"Ahem. Hi. Uh, hello."
336,Scene_16:_The_Mystic_Spring_Oasis,Yax,Ohm... Ohm... Ohm...
337,Scene_16:_The_Mystic_Spring_Oasis,Judy Hopps,Hello? Hello? Hello!
338,Scene_16:_The_Mystic_Spring_Oasis,Yax,Hmm?
339,Scene_16:_The_Mystic_Spring_Oasis,Judy Hopps,Hello! My name is...
340,Scene_16:_The_Mystic_Spring_Oasis,Yax,"Ohhh, y'know, I'm gonna hit the pause button right there, 'cause we're all good on bunny scout cookies."
341,Scene_16:_The_Mystic_Spring_Oasis,Judy Hopps,"Uh... no. I'm Officer Hopps, ZPD. I'm looking for a missing mammal; Emmitt Otterton, right here, who may have frequented this establishment?"
342,Scene_16:_The_Mystic_Spring_Oasis,Yax,"Yeah, old Emmitt! Haven't seen him in a couple of weeks. But hey, you should talk to his yoga instructor. I'd be happy to take you back."
343,Scene_16:_The_Mystic_Spring_Oasis,Judy Hopps,"Oh thank you so much, I'd appreciate that more than you can imagine, it'd be such an - OHHHH, you are naked!"
344,Scene_16:_The_Mystic_Spring_Oasis,Yax,"Huh? Oh, for sure, we're a naturalist club!"
345,Scene_16:_The_Mystic_Spring_Oasis,Nick Wilde,"Yeah, in Zootopia, anyone can be anything. And these guys? They be naked."
346,Scene_16:_The_Mystic_Spring_Oasis,Yax,Nangi's just on the other side of the pleasure pool.
347,Scene_16:_The_Mystic_Spring_Oasis,Nick Wilde,"Oh, boy. Does this make you uncomfortable? Because if so, there's no shame in calling it quits."
348,Scene_16:_The_Mystic_Spring_Oasis,Judy Hopps,"Yes, there is."
349,Scene_16:_The_Mystic_Spring_Oasis,Nick Wilde,"Boy, that's the spirit."
350,Scene_16:_The_Mystic_Spring_Oasis,Yax,"Yeah, some mammals say the naturalist life is weird, but you know what I say is weird? Clothes on animals! Here we go. As you can see, Nangi's an elephant, so she'll totally remember everything. Hey, Nangi! These dudes have some questions about Emmitt the Otter."
351,Scene_16:_The_Mystic_Spring_Oasis,Nangi,Who?
352,Scene_16:_The_Mystic_Spring_Oasis,Yax,"Uh, Emmitt Otterton. Been coming to your yoga class for, like, six years."
353,Scene_16:_The_Mystic_Spring_Oasis,Nangi,I have no memory of this beaver.
354,Scene_16:_The_Mystic_Spring_Oasis,Judy Hopps,"Uh, he's an otter, actually."
355,Scene_16:_The_Mystic_Spring_Oasis,Yax,"He was here a couple of Wednesdays ago, remember?"
356,Scene_16:_The_Mystic_Spring_Oasis,Nangi,Nope.
357,Scene_16:_The_Mystic_Spring_Oasis,Yax,"Yeah, he was wearing a green cable-knit sweater vest and a new pair of corduroy slacks. Oh, and a Paisley tie, sweet Windsor knot. Real tight. Remember that, Nangi?"
358,Scene_16:_The_Mystic_Spring_Oasis,Nangi,No.
359,Scene_16:_The_Mystic_Spring_Oasis,Yax,"Yeah, and we both walked him out, and he got into this big old white car with a silver trim. Needed a tune-up, the third cylinder wasn't firing. Remember that, Nangi?"
360,Scene_16:_The_Mystic_Spring_Oasis,Nangi,Nope.
361,Scene_16:_The_Mystic_Spring_Oasis,Judy Hopps,"Um, uh, you didn't happen to catch the license plate number... did you?"
362,Scene_16:_The_Mystic_Spring_Oasis,Yax,"Oh, for sure. It was 2-9-T-H-D-0-3."
363,Scene_16:_The_Mystic_Spring_Oasis,Judy Hopps,"...0-3. Wow, this is a lot of great info, thank you."
364,Scene_16:_The_Mystic_Spring_Oasis,Yax,"Told you Nangi has a mind like a steel trap. Ah, I wish I had a memory like an elephant."
365,Scene_17:_Running_the_Plate,Nick Wilde,"Well, I had a ball. You are welcome for the clue, and seeing as how any moron can run a plate, I will take that pen and bid you adieu."
366,Scene_17:_Running_the_Plate,Judy Hopps,The plate. I can't run a plate. Ooh... I'm not in the system yet.
367,Scene_17:_Running_the_Plate,Nick Wilde,"Give me the pen, please..."
368,Scene_17:_Running_the_Plate,Judy Hopps,"What was it you said? ""Any moron can run a plate""? Gosh, if only there were a moron around who were up to the task."
369,Scene_17:_Running_the_Plate,Nick Wilde,"Rabbit, I did what you asked! You can't keep me on the hook forever."
370,Scene_17:_Running_the_Plate,Judy Hopps,"Not forever. Well, I only have 36 hours left to solve this case. So can you run the plate or not?"
371,Scene_17:_Running_the_Plate,Nick Wilde,"Actually, I just remembered, I have a pal at the DMV."
372,Scene_18:_The_DMV,Nick Wilde,"Flash is the fastest guy in there. You need something done, he's on it."
373,Scene_18:_The_DMV,Judy Hopps,"I hope so. We are really fighting the clock and every minute counts. Wait, they're all sloths?!"
374,Scene_18:_The_DMV,Judy Hopps,You said this was gonna be quick!
375,Scene_18:_The_DMV,Nick Wilde,"What, are you saying that because he's a sloth he can't be fast? I thought in Zootopia anyone could be anything. Flash, Flash, hundred-yard dash! Buddy, it's nice to see ya."
376,Scene_18:_The_DMV,Flash Slothmore,Nice to... see you... too.
377,Scene_18:_The_DMV,Nick Wilde,"Hey, Flash, I'd love you to meet my friend... Uh, darling, I've forgotten your name."
378,Scene_18:_The_DMV,Judy Hopps,"Hmmm. Officer Judy Hopps, ZPD. How are you?"
379,Scene_18:_The_DMV,Flash Slothmore,I am... doing... just...
380,Scene_18:_The_DMV,Judy Hopps,Fine?
381,Scene_18:_The_DMV,Flash Slothmore,...as well... as... I can... be.
382,Scene_18:_The_DMV,Judy Hopps,Hmm.
383,Scene_18:_The_DMV,Flash Slothmore,What...
384,Scene_18:_The_DMV,Nick Wilde,Hang in there.
385,Scene_18:_The_DMV,Flash Slothmore,...can I... do...
386,Scene_18:_The_DMV,Judy Hopps,"Well, I was hoping you could run a plate--"
387,Scene_18:_The_DMV,Flash Slothmore,...for you...
388,Scene_18:_The_DMV,Judy Hopps,"Well, I was hoping you could--"
389,Scene_18:_The_DMV,Flash Slothmore,...today?
390,Scene_18:_The_DMV,Judy Hopps,"Well, I was hoping you could run a plate for us. We are in a really big hurry!"
391,Scene_18:_The_DMV,Flash Slothmore,Sure. What's the... plate...
392,Scene_18:_The_DMV,Judy Hopps,2-9-T--
393,Scene_18:_The_DMV,Flash Slothmore,...number?
394,Scene_18:_The_DMV,Judy Hopps,2-9-T-H-D-0-3.
395,Scene_18:_The_DMV,Flash Slothmore,2... 9...
396,Scene_18:_The_DMV,Judy Hopps,T-H-D-0-3.
397,Scene_18:_The_DMV,Flash Slothmore,...T...
398,Scene_18:_The_DMV,Judy Hopps,H-D-0-3.
399,Scene_18:_The_DMV,Flash Slothmore,...H...
400,Scene_18:_The_DMV,Judy Hopps,D-0-3.
401,Scene_18:_The_DMV,Flash Slothmore,...D...
402,Scene_18:_The_DMV,Judy Hopps,"Mm-hmm, 0-3."
403,Scene_18:_The_DMV,Flash Slothmore,...0...
404,Scene_18:_The_DMV,Judy Hopps,3!
405,Scene_18:_The_DMV,Nick Wilde,"Hey, Flash, wanna hear a joke?"
406,Scene_18:_The_DMV,Judy Hopps,No!
407,Scene_18:_The_DMV,Flash Slothmore,Sure.
408,Scene_18:_The_DMV,Nick Wilde,Okay. What do you call a three-humped camel?
409,Scene_18:_The_DMV,Flash Slothmore,I don't... know. What... do... you call... a...
410,Scene_18:_The_DMV,Judy Hopps,Three-humped camel.
411,Scene_18:_The_DMV,Flash Slothmore,...three-humped... camel?
412,Scene_18:_The_DMV,Nick Wilde,Pregnant!
413,Scene_18:_The_DMV,Flash Slothmore,Ha... Ha... Heh... Ha...
414,Scene_18:_The_DMV,Judy Hopps,"Ha ha! Yes, very funny, very funny. Can we please just focus on the task?"
415,Scene_18:_The_DMV,Flash Slothmore,Hey...
416,Scene_18:_The_DMV,Judy Hopps,"W-Wait, wait, wait!"
417,Scene_18:_The_DMV,Flash Slothmore,...Priscilla.
418,Scene_18:_The_DMV,Judy Hopps,"Oh, no!"
419,Scene_18:_The_DMV,Priscilla Tripletoe,Yes... Flash?
420,Scene_18:_The_DMV,Flash Slothmore,What... do...
421,Scene_18:_The_DMV,Judy Hopps,No...!
422,Scene_18:_The_DMV,Flash Slothmore,...you call...
423,Scene_18:_The_DMV,Judy Hopps,A three-humped camel? Pregnant!
424,Scene_18:_The_DMV,Flash Slothmore,...a three...
425,Scene_18:_The_DMV,Judy Hopps,"Okay! Great! We got it! Please, just..."
426,Scene_18:_The_DMV,Flash Slothmore,...humped...
427,Scene_18:_The_DMV,Flash Slothmore,Here...
428,Scene_18:_The_DMV,Judy Hopps,"Yes! Yeah, yeah, yeah, hurry."
429,Scene_18:_The_DMV,Flash Slothmore,...you...
430,Scene_18:_The_DMV,Judy Hopps,Thank you! 2-9-T-H-D-0-3...
431,Scene_18:_The_DMV,Flash Slothmore,...go.
432,Scene_18:_The_DMV,Judy Hopps,It's registered to... Tundratown Limo Service! A limo took Otterton! And the limo's in Tundratown! It's in Tundratown!
433,Scene_18:_The_DMV,Nick Wilde,"Way to hustle, bud. I love ya! I owe ya!"
434,Scene_18:_The_DMV,Judy Hopps,Hurry! We gotta beat the rush hour and-- It's night?!
435,Scene_19:_Tundratown_Limo_Service,Judy Hopps,Closed! Great.
436,Scene_19:_Tundratown_Limo_Service,Nick Wilde,"Hm. And I will betcha you don't have a warrant to get in, hmm? Darn it. It's a bummer."
437,Scene_19:_Tundratown_Limo_Service,Judy Hopps,You wasted the day on purpose!
438,Scene_19:_Tundratown_Limo_Service,Nick Wilde,"Madam, I have a fake badge. I would never impede your pretend investigation."
439,Scene_19:_Tundratown_Limo_Service,Judy Hopps,"It's not a ""pretend investigation"". Look, see? See him? This otter is missing."
440,Scene_19:_Tundratown_Limo_Service,Nick Wilde,"Well, then they should've gotten a real cop to find him."
441,Scene_19:_Tundratown_Limo_Service,Judy Hopps,"What is your problem? Does seeing me fail somehow make you feel better about your own sad, miserable life?"
442,Scene_19:_Tundratown_Limo_Service,Nick Wilde,"It does, 100%. Now, since you're sans warrant, I guess we're... done?"
443,Scene_19:_Tundratown_Limo_Service,Judy Hopps,Fine. We are done. Here's your pen.
444,Scene_19:_Tundratown_Limo_Service,Nick Wilde,"Hey! First off, you throw like a bunny. Second, you're a very sore loser. See you later, Officer Fluff! So sad this is over. I wish I could've helped more!"
445,Scene_19:_Tundratown_Limo_Service,Judy Hopps,"The thing is, you don't need a warrant if you have probable cause, and I'm pretty sure I saw a shifty lowlife climbing the fence. So you're helping plenty! Come on! 2-9-T-H-D-0-3... This is it! Polar bear fur."
446,Scene_19:_Tundratown_Limo_Service,Nick Wilde,Oh my God!
447,Scene_19:_Tundratown_Limo_Service,Judy Hopps,What? What?!
448,Scene_19:_Tundratown_Limo_Service,Nick Wilde,The Velvety Pipes of Jerry Vole! But on CD. Who still uses CDs?
449,Scene_19:_Tundratown_Limo_Service,Nick Wilde,"Carrots? If your otter was here, he had a very bad day."
450,Scene_19:_Tundratown_Limo_Service,Judy Hopps,Those are... claw marks. You ever seen anything like this?
451,Scene_19:_Tundratown_Limo_Service,Nick Wilde,No.
452,Scene_19:_Tundratown_Limo_Service,Judy Hopps,"Oh, wait. Look! This is him. Emmitt Otterton. He was definitely here. What do you think happened?"
453,Scene_19:_Tundratown_Limo_Service,Nick Wilde,"Well, now, wait a minute. Polar bear fur, rat-pack music, fancy cup? I know whose car this is, we gotta go!"
454,Scene_19:_Tundratown_Limo_Service,Judy Hopps,Why? Whose car is it?
455,Scene_19:_Tundratown_Limo_Service,Nick Wilde,"The most feared crime boss in Tundratown. They call him Mr. Big, and he does not like me, so we gotta go!"
456,Scene_19:_Tundratown_Limo_Service,Judy Hopps,I'm not leaving. This is a crime scene.
457,Scene_19:_Tundratown_Limo_Service,Nick Wilde,"Well, it's gonna be an even bigger crime scene if Mr. Big finds me here, so we're leaving, right now! Oh, gah! Raymond! And is that Kevin? Long time no see! And speaking of ""no see"", how about you forget you saw me. Huh? For old time's sake? That's a no."
458,Scene_20:_Mr._Big,Judy Hopps,What did you do that made Mr. Big so mad at you?
459,Scene_20:_Mr._Big,Nick Wilde,"I, um... I may have sold him a very expensive wool rug that was made from the fur of a skunk'ssss... butt."
460,Scene_20:_Mr._Big,Judy Hopps,"Oh, sweet cheese and crackers."
461,Scene_20:_Mr._Big,Judy Hopps,Is that Mr. Big?
462,Scene_20:_Mr._Big,Nick Wilde,No.
463,Scene_20:_Mr._Big,Judy Hopps,What about him? Is that him?
464,Scene_20:_Mr._Big,Nick Wilde,No!
465,Scene_20:_Mr._Big,Judy Hopps,That's gotta be him.
466,Scene_20:_Mr._Big,Nick Wilde,"Stop talking, stop talking, stop talking!"
467,Scene_20:_Mr._Big,Judy Hopps,Huh.
468,Scene_20:_Mr._Big,Nick Wilde,"Mr. Big, sir, this is a simple misunder- Oh, here! Ahh. This is a simple misunderstanding."
469,Scene_20:_Mr._Big,Mr. Big,You come here unannounced on the day my daughter is to be married.
470,Scene_20:_Mr._Big,Nick Wilde,"Well, actually, we were brought here against our will, so... The point is, I-I did not know that it was your car, and I certainly did not know about your daughter's wedding!"
471,Scene_20:_Mr._Big,Mr. Big,"Hmm. I trusted you, Nicky. I welcomed you into my home. We broke bread together. Grandmama made you a cannoli. And how did you repay my generosity? With a rug. Made from the butt of a skunk. A skunk butt rug. You disrespected me. You disrespected my Grandmama, who I buried in that skunk butt rug. I told you never to show your face here again, but here you are, snooping around with this... What are you, a performer? What's with the costume?"
472,Scene_20:_Mr._Big,Judy Hopps,"Sir, I am a co-"
473,Scene_20:_Mr._Big,Nick Wilde,Mime! She is a mime! This mime cannot speak! You can't speak if you're a mime!
474,Scene_20:_Mr._Big,Judy Hopps,"No, I am a cop. And I'm on the Emmitt Otterton case, and my evidence puts him in your car! So intimidate me all you want, I'm gonna find out what you did to that otter if it's the last thing I do."
475,Scene_20:_Mr._Big,Mr. Big,Then I have only one request: say hello to Grandmama. Ice 'em!
476,Scene_20:_Mr._Big,Nick Wilde,"Whoa, whoa, whoa! I-I-I-I-I-I didn't see nothing! I'm not saying nothing!"
477,Scene_20:_Mr._Big,Mr. Big,And you never will.
478,Scene_20:_Mr._Big,Nick Wilde,Please!
479,Scene_20:_Mr._Big,Judy Hopps,Put me down!
480,Scene_20:_Mr._Big,Nick Wilde,"No, no, no, no, no! If you're mad at me about the rug, I've got more rugs!"
481,Scene_20:_Mr._Big,Fru Fru,"Oh, Daddy! It's time for our dance! Ugh! What did we say? No icing anyone at my wedding!"
482,Scene_20:_Mr._Big,Mr. Big,"I have to, baby, daddy has to. Ice 'em!"
483,Scene_20:_Mr._Big,Nick Wilde,"No, no, no!"
484,Scene_20:_Mr._Big,Fru Fru,Wait. Wait! She's the bunny that saved my life yesterday! From that giant donut!
485,Scene_20:_Mr._Big,Mr. Big,This bunny?
486,Scene_20:_Mr._Big,Fru Fru,Yeah! Hi!
487,Scene_20:_Mr._Big,Judy Hopps,Hi. I love your dress!
488,Scene_20:_Mr._Big,Fru Fru,Aw... Thank you!
489,Scene_20:_Mr._Big,Mr. Big,Hm. Put 'em down. You have done me a great service. I will help you find the otter. I will take your kindness and pay it forward.
490,Scene_21:_Discussing_Otterton,Mr. Big,Hey! Hey! Hey! Hey!
491,Scene_21:_Discussing_Otterton,Nick Wilde,Hmm...
492,Scene_21:_Discussing_Otterton,Mr. Big,Otterton is my florist. He's like a part of the family. He had something important he wanted to discuss. That's why I sent that car to pick him up. But he never arrived.
493,Scene_21:_Discussing_Otterton,Judy Hopps,Because he was attacked.
494,Scene_21:_Discussing_Otterton,Mr. Big,No. He attacked.
495,Scene_21:_Discussing_Otterton,Judy Hopps,Otterton?
496,Scene_21:_Discussing_Otterton,Mr. Big,"Otterton. He went crazy - ripped up the car, scared my driver half to death , and disappeared into the night."
497,Scene_21:_Discussing_Otterton,Judy Hopps,But he's a sweet little otter.
498,Scene_21:_Discussing_Otterton,Mr. Big,"Hmm. My child, we may be evolved, but deep down, we are still animals."
499,Scene_22:_The_Chase_in_the_Rainforest_District,Mr. Big,"You wanna find Otterton, talk to the driver of theat car. His name is Manchas. Lives in the Rainforest District. Only he can tell you more."
500,Scene_22:_The_Chase_in_the_Rainforest_District,Judy Hopps,"Mr. Manchas? Judy Hopps, ZPD. We just wanna know what happened to Emmitt Otterton."
501,Scene_22:_The_Chase_in_the_Rainforest_District,Renato Manchas,You should be asking what happened to me!
502,Scene_22:_The_Chase_in_the_Rainforest_District,Nick Wilde,Whoa. A teensy otter did that?
503,Scene_22:_The_Chase_in_the_Rainforest_District,Judy Hopps,What happened?
504,Scene_22:_The_Chase_in_the_Rainforest_District,Renato Manchas,He was an animal. Down on all fours. He was a savage!
505,Scene_22:_The_Chase_in_the_Rainforest_District,Renato Manchas,"There was no warning. He just kept yelling about the Night howlers. Over and over, the Night howlers!"
506,Scene_22:_The_Chase_in_the_Rainforest_District,Nick Wilde,"Oh, so, you know about the Night howlers, too. Good, good, good. Because the Night howlers are exactly what we are here to talk about, right?"
507,Scene_22:_The_Chase_in_the_Rainforest_District,Judy Hopps,"Yep. So, uh, you just open the door and tell us what you know, and we will tell you what we know. Okay?"
508,Scene_22:_The_Chase_in_the_Rainforest_District,Renato Manchas,Okay.
509,Scene_22:_The_Chase_in_the_Rainforest_District,Judy Hopps,Clever fox.
510,Scene_22:_The_Chase_in_the_Rainforest_District,Judy Hopps,Mr. Manchas?
511,Scene_22:_The_Chase_in_the_Rainforest_District,Nick Wilde,Buddy?
512,Scene_22:_The_Chase_in_the_Rainforest_District,Judy Hopps,Are you... okay? Run. Run!
513,Scene_22:_The_Chase_in_the_Rainforest_District,Nick Wilde,What is wrong with him?!
514,Scene_22:_The_Chase_in_the_Rainforest_District,Judy Hopps,I don't know! Jump! Come on! Head down! Officer Hopps to Dispatch!
515,Scene_22:_The_Chase_in_the_Rainforest_District,Benjamin Clawhauser,"Are you familiar with Gazelle? Greatest singer of our lifetime? Angel with horns? Okay, hold on. Keep watching. Who's that beside her? Who is it?"
516,Scene_22:_The_Chase_in_the_Rainforest_District,Gazelle App,"Wow, you are one hot dancer, Benjamin Clawhauser."
517,Scene_22:_The_Chase_in_the_Rainforest_District,Benjamin Clawhauser,"It's me! Did you think it was real? It looks so real! It's not, it's just a new app. Hold on a second."
518,Scene_22:_The_Chase_in_the_Rainforest_District,Judy Hopps,"CLAWHAUSER! Clawhauser, listen to me, we have a 10-91! Jaguar gone savage! Vine and Tudjunja!"
519,Scene_22:_The_Chase_in_the_Rainforest_District,Nick Wilde,"It's ""Tuh-hunga""!"
520,Scene_22:_The_Chase_in_the_Rainforest_District,Benjamin Clawhauser,"Okay, we're sending backup! Hopps? HOPPS!"
521,Scene_22:_The_Chase_in_the_Rainforest_District,Judy Hopps,There! Head to the sky-trams!
522,Scene_22:_The_Chase_in_the_Rainforest_District,Nick Wilde,Get in! Carrots? Carrots!
523,Scene_22:_The_Chase_in_the_Rainforest_District,Judy Hopps,Go!
524,Scene_22:_The_Chase_in_the_Rainforest_District,Nick Wilde,"No, no, no, no! Buddy, one predator to another... No, no, no, no! Now I can tell you're a little tense, so I'm just gonna give you a little personal space! Rabbit, whatever you do, do not let go!"
525,Scene_22:_The_Chase_in_the_Rainforest_District,Judy Hopps,I'm gonna let go!
526,Scene_22:_The_Chase_in_the_Rainforest_District,Nick Wilde,No! You what?!
527,Scene_22:_The_Chase_in_the_Rainforest_District,Judy Hopps,One... Two...
528,Scene_22:_The_Chase_in_the_Rainforest_District,Nick Wilde,"I said do not- Rabbit! Carrots, you saved my life!"
529,Scene_22:_The_Chase_in_the_Rainforest_District,Judy Hopps,"Well, that's what we do here at the ZPD-"
530,Scene_22:_The_Chase_in_the_Rainforest_District,Chief Bogo,"Well, this should be good."
531,Scene_23:_Nick's_Childhood,Judy Hopps,"I thought this was just a missing mammal case, but it's way bigger. Mr. Otterton did not just disappear. I believe he, and this jaguar, they... they went savage, sir."
532,Scene_23:_Nick's_Childhood,Chief Bogo,"Savage? This isn't the stone age, Hopps. Animals don't ""go savage""."
533,Scene_23:_Nick's_Childhood,Judy Hopps,I thought so too... 'Till I saw this. What? He was right here!
534,Scene_23:_Nick's_Childhood,Chief Bogo,The savage jaguar?
535,Scene_23:_Nick's_Childhood,Judy Hopps,"Sir, I know what I saw. He almost killed us!"
536,Scene_23:_Nick's_Childhood,Chief Bogo,"Or maybe any aggressive predator looks ""savage"" to you rabbits. Let's go!"
537,Scene_23:_Nick's_Childhood,Judy Hopps,"No. Wait! Sir, I'm not the only one who saw him. Nick!"
538,Scene_23:_Nick's_Childhood,Chief Bogo,You think I'm gonna believe a fox?
539,Scene_23:_Nick's_Childhood,Judy Hopps,"Well, he was a key witness, and I-"
540,Scene_23:_Nick's_Childhood,Chief Bogo,"Two days to find the otter, or you quit. That was the deal. Badge."
541,Scene_23:_Nick's_Childhood,Judy Hopps,"But, sir, we--"
542,Scene_23:_Nick's_Childhood,Chief Bogo,BADGE!
543,Scene_23:_Nick's_Childhood,Nick Wilde,"Uh, no."
544,Scene_23:_Nick's_Childhood,Chief Bogo,"What did you say, fox?"
545,Scene_23:_Nick's_Childhood,Nick Wilde,"Sorry, what I said was, ""No!"" She will not be giving you that badge. Look, you gave her a... a clown vest, a three-wheeled joke-mobile, and two days to solve a case you guys haven't cracked in two weeks? Yeah, it's no wonder she needed to get help from a fox. None of you guys were gonna help her, were you? Here's the thing, chief. You gave her the 48 hours, so technically we still have... ten left to find our Mr. Otterton, and that is exactly what we're gonna do. So, if you'll excuse us, we have a very big lead to follow, and a case to crack. Good day."
546,Scene_23:_Nick's_Childhood,Nick Wilde,Officer Hopps.
547,Scene_23:_Nick's_Childhood,Judy Hopps,Thank you.
548,Scene_23:_Nick's_Childhood,Nick Wilde,Never let 'em see that they get to you.
549,Scene_23:_Nick's_Childhood,Judy Hopps,So... things do get to you?
550,Scene_23:_Nick's_Childhood,Nick Wilde,"Oh, I mean, not anymore, but I was small and emotionally unbalanced like you once."
551,Scene_23:_Nick's_Childhood,Judy Hopps,Har-har.
552,Scene_23:_Nick's_Childhood,Nick Wilde,"No, it's true. I think I was eight or maybe nine, and all I wanted to do was join the Junior Ranger Scouts. So, my mom scraped together enough money to buy me a brand new uniform, because by God I was gonna fit in, even if I was the only predator in the troop, the only fox."
553,Scene_23:_Nick's_Childhood,Woodchuck bully,"Okay, Nick."
554,Scene_23:_Nick's_Childhood,Nick Wilde,I was gonna be part of a pack.
555,Scene_23:_Nick's_Childhood,Woodchuck bully,Ready for initiation?
556,Scene_23:_Nick's_Childhood,Nick Wilde,Yeah! Pretty much born ready.
557,Scene_23:_Nick's_Childhood,Nick Wilde,I was so proud.
558,Scene_23:_Nick's_Childhood,Woodchuck bully,Okay. Now raise your right paw and deliver the oath.
559,Scene_23:_Nick's_Childhood,Nick Wilde,"I, Nicholas Wilde, promise to be brave, loyal, helpful, and trustworthy!"
560,Scene_23:_Nick's_Childhood,Woodchuck bully,Even though you're a fox?
561,Scene_23:_Nick's_Childhood,Nick Wilde,"What? No, no! What did I do wrong, you guys?! No, please! Tell me! What did I do wrong?! What did I do?! No!"
562,Scene_23:_Nick's_Childhood,Woodchuck bully,"If you thought we would ever trust a fox without a muzzle, you're even dumber than you look!"
563,Scene_23:_Nick's_Childhood,Junior Ranger Scout,"Aw, is he gonna cry?"
564,Scene_23:_Nick's_Childhood,Nick Wilde,I learned two things that day. One: I was never gonna let anyone see that they got to me.
565,Scene_23:_Nick's_Childhood,Judy Hopps,And two?
566,Scene_23:_Nick's_Childhood,Nick Wilde,"If the world's only gonna see a fox as shifty and untrustworthy, there's no point in trying to be anything else."
567,Scene_23:_Nick's_Childhood,Judy Hopps,"Nick, you are so much more than that."
568,Scene_23:_Nick's_Childhood,Nick Wilde,"Boy, look at that traffic down there. How about we go up to Chuck in traffic central? Chuck, how're things looking on the jam-cams?"
569,Scene_23:_Nick's_Childhood,Judy Hopps,"Nick, I'm glad you told me."
570,Scene_23:_Nick's_Childhood,Nick Wilde,The jam-cams...
571,Scene_23:_Nick's_Childhood,Judy Hopps,"Seriously, it's okay-"
572,Scene_23:_Nick's_Childhood,Nick Wilde,"No, no, no, shh! There are traffic cameras everywhere, all over the canopy! Whatever happened to the jaguar..."
573,Scene_23:_Nick's_Childhood,Judy Hopps,The traffic cams would have caught it!
574,Scene_23:_Nick's_Childhood,Nick Wilde,Bingo!
575,Scene_23:_Nick's_Childhood,Judy Hopps,"Oh-ho, pretty sneaky, slick!"
576,Scene_23:_Nick's_Childhood,Nick Wilde,"Eh, however, if you didn't have access to the system before, I doubt Chief Buffalo Butt is gonna let you into it now."
577,Scene_23:_Nick's_Childhood,Judy Hopps,No... But I have a friend at City Hall who might!
578,Scene_24:_Assistance_from_Bellwether,Dawn Bellwether,"Uh, sir, if we could just review these very important... Sir! Oh, I'm so sorry. Sir!"
579,Scene_24:_Assistance_from_Bellwether,Leodore Lionheart,"Okay! I heard you, Bellwether, just take care of it! Please. And clear my afternoon, I'm going out."
580,Scene_24:_Assistance_from_Bellwether,Dawn Bellwether,"Oh, no, but, sir, you do have a meeting with Herds and Grazing. Sir, if I can just...! Oh, mutton chops."
581,Scene_24:_Assistance_from_Bellwether,Judy Hopps,"Assistant Mayor Bellwether, we need your help. We just need to get into the traffic cam database."
582,Scene_24:_Assistance_from_Bellwether,Nick Wilde,So fluffy!
583,Scene_24:_Assistance_from_Bellwether,Judy Hopps,Hey!
584,Scene_24:_Assistance_from_Bellwether,Nick Wilde,Sheep never let me get this close.
585,Scene_24:_Assistance_from_Bellwether,Judy Hopps,You can't just touch a sheep's wool!
586,Scene_24:_Assistance_from_Bellwether,Nick Wilde,It's like cotton candy!
587,Scene_24:_Assistance_from_Bellwether,Judy Hopps,Stop it!
588,Scene_24:_Assistance_from_Bellwether,Dawn Bellwether,Where to?
589,Scene_24:_Assistance_from_Bellwether,Judy Hopps,"Uh, Rainforest District. Vine and Tujunga."
590,Scene_24:_Assistance_from_Bellwether,Dawn Bellwether,"There! Traffic cams for the whole city. Well, this is so exciting, actually. I mean, well, you know, I never get to do anything this important."
591,Scene_24:_Assistance_from_Bellwether,Judy Hopps,But you're the assistant mayor of Zootopia.
592,Scene_24:_Assistance_from_Bellwether,Dawn Bellwether,"Oh, I'm more of a glorified secretary. I think Mayor Lionheart just wanted the sheep vote. But he did give me that nice mug!"
593,Scene_24:_Assistance_from_Bellwether,Judy Hopps,Oh.
594,Scene_24:_Assistance_from_Bellwether,Dawn Bellwether,Hmm. Feels good to be appreciated.
595,Scene_24:_Assistance_from_Bellwether,Leodore Lionheart,Smell-wether!
596,Scene_24:_Assistance_from_Bellwether,Dawn Bellwether,"Ah. That's a fun little name he likes to use. I called him Lionfart once. He did not care for that. Let me tell you, it was not a good day for me. Yes, sir?"
597,Scene_24:_Assistance_from_Bellwether,Leodore Lionheart,I thought you were going to cancel my afternoon!
598,Scene_24:_Assistance_from_Bellwether,Dawn Bellwether,"Oh, dear. I better go. Let me know what you find. It was really nice for me to be-"
599,Scene_24:_Assistance_from_Bellwether,Leodore Lionheart,"While we're young, Smell-wether!"
600,Scene_24:_Assistance_from_Bellwether,Dawn Bellwether,Oh.
601,Scene_24:_Assistance_from_Bellwether,Nick Wilde,"You think when she goes to sleep, she counts herself?"
602,Scene_24:_Assistance_from_Bellwether,Judy Hopps,"Oh, shush. Okay, traffic cams. Tujunga, Tujunga... We're in. Who are these guys?"
603,Scene_24:_Assistance_from_Bellwether,Nick Wilde,"Ugh. Timber wolves. Look at these dumb-dumbs. Bet you a nickel one of them's gonna howl. And there it is. I mean, what is it with wolves and the howling? It's like..."
604,Scene_24:_Assistance_from_Bellwether,Judy Hopps,Howlers. Night howlers! That's what Manchas was afraid of! Wolves! The wolves are the Night howlers! If they took Manchas...
605,Scene_24:_Assistance_from_Bellwether,Nick Wilde,I bet they took Otterton too.
606,Scene_24:_Assistance_from_Bellwether,Judy Hopps,"All we gotta do is find out where they went. Wait, where'd they go?"
607,Scene_24:_Assistance_from_Bellwether,Nick Wilde,"You know, if I wanted to avoid surveillance because I was doing something illegal, which I never have, I would use the maintenance tunnel 6B. Which would put them out... right there."
608,Scene_24:_Assistance_from_Bellwether,Judy Hopps,"Well, look at you, Junior Detective. You know, I think you'd actually make a pretty good cop."
609,Scene_24:_Assistance_from_Bellwether,Nick Wilde,"Ugh. How dare you. Acacia Alley, Ficus Underpass, South Canyon."
610,Scene_24:_Assistance_from_Bellwether,Judy Hopps,"Mm-hmm, they're heading out of town. Where does that road go?"
611,Scene_25:_Cliffside_Asylum,Larry,"Gary, quit it, you're gonna start a howl!"
612,Scene_25:_Cliffside_Asylum,Gary,I didn't start it!
613,Scene_25:_Cliffside_Asylum,Judy Hopps,Come on!
614,Scene_25:_Cliffside_Asylum,Nick Wilde,You are a clever bunny.
615,Scene_25:_Cliffside_Asylum,Judy Hopps,It looks like this was a hospital.
616,Scene_25:_Cliffside_Asylum,Nick Wilde,"You know, after you. You're the cop. Okay, all clear."
617,Scene_25:_Cliffside_Asylum,Judy Hopps,All this equipment is brand new.
618,Scene_25:_Cliffside_Asylum,Nick Wilde,Carrots...
619,Scene_25:_Cliffside_Asylum,Judy Hopps,Claw marks.
620,Scene_25:_Cliffside_Asylum,Nick Wilde,"Yeah, huge, huge claw marks. I mean, what kind of animal-"
621,Scene_25:_Cliffside_Asylum,Judy Hopps,"Mr. Manchas. It's him! We found our otter. Mr. Otterton, my name is Officer Judy Hopps. Your wife sent me to find you. We're gonna get you out of here now."
622,Scene_25:_Cliffside_Asylum,Nick Wilde,Or not. Guess he's in no rush to get home to the missus.
623,Scene_25:_Cliffside_Asylum,Judy Hopps,"Eleven, twelve, thirteen, fourteen... Not including Manchas, it's... It's fourteen. Chief Bogo handed out fourteen missing mammal files. They're all here. All the missing mammals are right here."
624,Scene_25:_Cliffside_Asylum,Leodore Lionheart,"Enough! I don't want excuses, Doctor, I want answers."
625,Scene_25:_Cliffside_Asylum,Dr. Madge Honey Badger,"Mayor Lionheart, please. We're doing everything we can."
626,Scene_25:_Cliffside_Asylum,Leodore Lionheart,"Really? 'Cause I've got a dozen and a half animals here who've gone off the rails crazy, and you can't tell me why! Now I'd call that awfully far from ""doing everything""!"
627,Scene_25:_Cliffside_Asylum,Dr. Madge Honey Badger,"Sir, it may be time to consider their biology."
628,Scene_25:_Cliffside_Asylum,Leodore Lionheart,"What? What do you mean ""biology""?"
629,Scene_25:_Cliffside_Asylum,Dr. Madge Honey Badger,The only animals going savage are predators. We cannot keep it a secret; we need to come forward!
630,Scene_25:_Cliffside_Asylum,Leodore Lionheart,"Hmm, great idea. Tell the public. And how do you think they're gonna feel about their mayor... WHO IS A LION?! I'll be ruined!"
631,Scene_25:_Cliffside_Asylum,Dr. Madge Honey Badger,"Well, what does Chief Bogo say?"
632,Scene_25:_Cliffside_Asylum,Leodore Lionheart,Chief Bogo doesn't know. And we are going to keep it that way.
633,Scene_25:_Cliffside_Asylum,Judy Hopps,"Oh, no, no, no!"
634,Scene_25:_Cliffside_Asylum,Leodore Lionheart,Someone's here!
635,Scene_25:_Cliffside_Asylum,Dr. Madge Honey Badger,"Sir, you need to go. Now! Security, sweep the area!"
636,Scene_25:_Cliffside_Asylum,Nick Wilde,"Great! We're dead! We're dead, that's it. I'm dead, you're dead, everybody's dead!"
637,Scene_25:_Cliffside_Asylum,Judy Hopps,Can you swim?
638,Scene_25:_Cliffside_Asylum,Nick Wilde,"What? Can I swim? Yes, I can swim. Why?"
639,Scene_25:_Cliffside_Asylum,Nick Wilde,Carrots! Hopps? Judy!
640,Scene_25:_Cliffside_Asylum,Judy Hopps,We gotta tell Bogo!
641,Scene_26:_Dancing_with_Gazelle,Gazelle App,"Wow, you are one hot dancer, Chief Bogo."
642,Scene_26:_Dancing_with_Gazelle,Benjamin Clawhauser,Chief Bogo!
643,Scene_26:_Dancing_with_Gazelle,Chief Bogo,Not now!
644,Scene_26:_Dancing_with_Gazelle,Benjamin Clawhauser,"Wait, is that Gazelle?"
645,Scene_26:_Dancing_with_Gazelle,Chief Bogo,No!
646,Scene_26:_Dancing_with_Gazelle,Gazelle App,"I'm Gazelle, and you are one hot dancer."
647,Scene_26:_Dancing_with_Gazelle,Benjamin Clawhauser,"You have the app too? Aww, Chieeeeeef!"
648,Scene_26:_Dancing_with_Gazelle,Chief Bogo,Clawhauser! Can't you see I'm working on the missing mammal cases?!
649,Scene_26:_Dancing_with_Gazelle,Benjamin Clawhauser,"Oh, oh, oh, yes, of course, about that, sir... Officer Hopps just called - she found all of them!"
650,Scene_26:_Dancing_with_Gazelle,Gazelle App,"Wow, I'm impressed!"
651,Scene_27:_The_Arrest,Judy Hopps,"Mayor Lionheart, you have the right to remain silent. Anything-"
652,Scene_27:_The_Arrest,Leodore Lionheart,You don't understand! I was trying to protect the city!
653,Scene_27:_The_Arrest,Judy Hopps,You were just trying to protect your job.
654,Scene_27:_The_Arrest,Leodore Lionheart,"No! Listen, we still don't know why this is happening. It could destroy Zootopia!"
655,Scene_27:_The_Arrest,Judy Hopps,You have the right to remain silent. Anything you say can and will be used against you...
656,Scene_28:_Judy's_Interview,Chief Bogo,"Ladies and gentle-mammals, fourteen mammals went missing, and all fourteen have been found by our newest recruit, who will speak to you in a moment."
657,Scene_28:_Judy's_Interview,Judy Hopps,"Ohh, I'm so nervous."
658,Scene_28:_Judy's_Interview,Nick Wilde,"Okay. Press conference 101. You wanna look smart, answer their question with your own question and then answer that question. Like this: ""Excuse me, Officer Hopps, uh, what can you tell us about the case?"" ""Well, was this a tough case? Yes, yes, it was."" You see?"
659,Scene_28:_Judy's_Interview,Judy Hopps,You should be up there with me. We did this together.
660,Scene_28:_Judy's_Interview,Nick Wilde,"Well, am I a cop? No. No, I am not."
661,Scene_28:_Judy's_Interview,Judy Hopps,"Hm. Funny you should say that. Because, well, I've been thinking... it would be nice to have a partner. Here, in case you need something to write with."
662,Scene_28:_Judy's_Interview,Dawn Bellwether,Officer Hopps! It's time.
663,Scene_28:_Judy's_Interview,Chief Bogo,"They appear to be in good health, physically, if not emotionally. So now, I'll turn things over to the officer who cracked the case, Officer Judy Hopps."
664,Scene_28:_Judy's_Interview,Judy Hopps,"Uh, yes?"
665,Scene_28:_Judy's_Interview,Action Gnus 5 beaver,What can you tell us about the animals that went savage?
666,Scene_28:_Judy's_Interview,Judy Hopps,"Well, the... the animals in question... Are they all different species? Yes, yes they are."
667,Scene_28:_Judy's_Interview,News reporters,"Okay, so what is the connection?"
668,Scene_28:_Judy's_Interview,Judy Hopps,"Oh, all we know is that they are all members of the predator family."
669,Scene_28:_Judy's_Interview,Doug Ramses,"So, predators are the only ones going savage?"
670,Scene_28:_Judy's_Interview,Judy Hopps,"That is accu-- Yes, that is accurate, yes."
671,Scene_28:_Judy's_Interview,News reporters,Why? Why is this happening?
672,Scene_28:_Judy's_Interview,Judy Hopps,We still don't know. But it may have something to do with biology.
673,Scene_28:_Judy's_Interview,News reporters,What do you mean by that?
674,Scene_28:_Judy's_Interview,Judy Hopps,"A biological component. You know, something in their DNA."
675,Scene_28:_Judy's_Interview,News reporters,"In their DNA, can you elaborate on that, please?"
676,Scene_28:_Judy's_Interview,Judy Hopps,"Yes. What I mean is, thousands of years ago, uh, predators survived through their... aggressive hunting instincts. For whatever reason, they seem to be reverting back to their primitive, savage ways."
677,Scene_28:_Judy's_Interview,News reporters,"Aw, is he gonna cry?"
678,Scene_28:_Judy's_Interview,News reporters,"Officer Hopps, could it happen again?"
679,Scene_28:_Judy's_Interview,Judy Hopps,"It is possible, so we must be vigilant, and we at the ZPD are prepared and are here to protect you."
680,Scene_28:_Judy's_Interview,News reporters,Will more mammals go savage?
681,Scene_28:_Judy's_Interview,News reporters,What is being done to protect us?
682,Scene_28:_Judy's_Interview,News reporters,Have you considered a mandatory quarantine on predators?
683,Scene_28:_Judy's_Interview,Dawn Bellwether,"Okay, thank you, Officer Hopps. Uh, that's all the time we have. No more questions."
684,Scene_28:_Judy's_Interview,Judy Hopps,Was I okay?
685,Scene_28:_Judy's_Interview,Dawn Bellwether,"Oh, you did fine!"
686,Scene_28:_Judy's_Interview,Judy Hopps,"Oh, that went so fast. I didn't get a chance to mention you or say anything about how we-"
687,Scene_28:_Judy's_Interview,Nick Wilde,"Oh, I think you said plenty."
688,Scene_28:_Judy's_Interview,Judy Hopps,What do you mean?
689,Scene_28:_Judy's_Interview,Nick Wilde,"""Clearly there's a biological component""? ""These predators may be... reverting back to their primitive, savage ways""? Are you serious?"
690,Scene_28:_Judy's_Interview,Judy Hopps,"I just stated the facts of the case. I mean, it's not like a bunny could go savage."
691,Scene_28:_Judy's_Interview,Nick Wilde,"Right. But a fox could, huh?"
692,Scene_28:_Judy's_Interview,Judy Hopps,"Nick, stop it! You're not like them."
693,Scene_28:_Judy's_Interview,Nick Wilde,"Oh, there's a them now?!"
694,Scene_28:_Judy's_Interview,Judy Hopps,Ugh. You know what I mean. You're not that kind of predator.
695,Scene_28:_Judy's_Interview,Nick Wilde,"The kind that needs to be muzzled? The kind that makes you think you need to carry around fox repellent? Yeah, don't think I didn't notice that little item the first time we met. So, l-let me ask you a question: Are you afraid of me? Do you think I might go nuts? Do you think I might go ""savage""? Do you think I might try to... EAT YOU?! I knew it. Just when I thought somebody actually believed in me, huh? Probably best if you don't have a predator as a partner."
696,Scene_28:_Judy's_Interview,Judy Hopps,"No, Nick! Nick!"
697,Scene_28:_Judy's_Interview,News reporters,"Officer Hopps, were you just threatened by that predator?"
698,Scene_28:_Judy's_Interview,Judy Hopps,"No, he's my friend."
699,Scene_28:_Judy's_Interview,News reporters,We can't even trust our own friends?!
700,Scene_28:_Judy's_Interview,Judy Hopps,That is not what I said. Please-
701,Scene_28:_Judy's_Interview,News reporters,Are we safe?
702,Scene_28:_Judy's_Interview,News reporters,Have any other foxes gone savage?
703,Scene_29:_ZNN,Fabienne Growley,"More bad news in this city gripped by fear. A caribou is in critical condition, the victim of a mauling by a savage polar bear. This, the 27th such attack, comes just one week after ZPD officer Judy Hopps connected the violence to traditionally predatory animals."
704,Scene_29:_ZNN,Peter Moosebridge,"Meanwhile, a peace rally organized by pop star Gazelle was marred by protest."
705,Scene_29:_ZNN,Frantic Pig,"Go back to the forest, predator!"
706,Scene_29:_ZNN,Stephanie Stalkinew,I'm from the savannah!
707,Scene_29:_ZNN,Gazelle,"Zootopia is a unique place. It's a crazy, beautiful diverse city where we celebrate our differences. This is not the Zootopia I know. The Zootopia I know is better than this. We don't just blindly assign blame. We don't know why these attacks keep happening, but it is irresponsible to label all predators as savages."
708,Scene_29:_ZNN,Mrs. Otterton,That's not my Emmitt.
709,Scene_29:_ZNN,Gazelle,"We cannot let fear divide us. Please, give me back the Zootopia I love."
710,Scene_30:_Moving_to_Records,Chief Bogo,"Come on, Hopps. The new mayor wants to see us."
711,Scene_30:_Moving_to_Records,Judy Hopps,The mayor? Why?
712,Scene_30:_Moving_to_Records,Chief Bogo,It would seem you've arrived.
713,Scene_30:_Moving_to_Records,Judy Hopps,Clawhauser? What are you doing?
714,Scene_30:_Moving_to_Records,Benjamin Clawhauser,"Um... They thought it would be better if a predator, such as myself, wasn't the first face that you see when you walk into the ZPD."
715,Scene_30:_Moving_to_Records,Judy Hopps,What?
716,Scene_30:_Moving_to_Records,Benjamin Clawhauser,They're gonna move me to records. It's downstairs. It's by the boiler.
717,Scene_30:_Moving_to_Records,Chief Bogo,Hopps!
718,Scene_31:_The_Public_Face_of_the_ZPD,Judy Hopps,I don't understand.
719,Scene_31:_The_Public_Face_of_the_ZPD,Dawn Bellwether,"Our city is 90% prey, Judy, and right now, they're just really scared. You're a hero to them. They trust you. And so that's why Chief Bogo and I want you to be the public face of the ZPD."
720,Scene_31:_The_Public_Face_of_the_ZPD,Judy Hopps,"I'm not... I'm not a hero. I came here to make the world a better place, but I think I broke it."
721,Scene_31:_The_Public_Face_of_the_ZPD,Chief Bogo,"Don't give yourself so much credit, Hopps. The world has always been broken, that's why we need good cops. Like you."
722,Scene_31:_The_Public_Face_of_the_ZPD,Judy Hopps,"With all due respect, sir, a good cop is supposed to serve and protect, help the city, not tear it apart. I don't deserve this badge."
723,Scene_31:_The_Public_Face_of_the_ZPD,Chief Bogo,Hopps?
724,Scene_31:_The_Public_Face_of_the_ZPD,Dawn Bellwether,"Judy, you've worked so hard to get here. It's what you wanted since you were a kid. You can't quit."
725,Scene_31:_The_Public_Face_of_the_ZPD,Judy Hopps,Thank you for the opportunity.
726,Scene_32:_Judy's_Epiphany,Judy Hopps,A dozen carrots. Have a nice day.
727,Scene_32:_Judy's_Epiphany,Bonnie Hopps,Thanks. Come on.
728,Scene_32:_Judy's_Epiphany,Stu Hopps,"Hey there, Jude... Jude the Dude. Remember that one? How we doing?"
729,Scene_32:_Judy's_Epiphany,Judy Hopps,I'm fine.
730,Scene_32:_Judy's_Epiphany,Bonnie Hopps,"You are not fine, your ears are droopy."
731,Scene_32:_Judy's_Epiphany,Judy Hopps,Why did I think I could make a difference?
732,Scene_32:_Judy's_Epiphany,Stu Hopps,"Because you're a trier, that's why."
733,Scene_32:_Judy's_Epiphany,Bonnie Hopps,You've always been a trier.
734,Scene_32:_Judy's_Epiphany,Judy Hopps,"Oh, I tried. And I made life so much worse for so many innocent predators."
735,Scene_32:_Judy's_Epiphany,Stu Hopps,"Oh! Not all of them, though. Speak of the devil, Right on time."
736,Scene_32:_Judy's_Epiphany,Judy Hopps,Is that... Gideon Grey?
737,Scene_32:_Judy's_Epiphany,Stu Hopps,Yep! Sure it is. We work with him now.
738,Scene_32:_Judy's_Epiphany,Bonnie Hopps,"He's our partner, and we never would have considered it had you not opened our minds."
739,Scene_32:_Judy's_Epiphany,Stu Hopps,"That's right, I mean Gid's turned into one of the top pastry chefs in the Tri-Burrows."
740,Scene_32:_Judy's_Epiphany,Judy Hopps,"That's... That's really cool, you guys. Gideon Grey. I'll be darned."
741,Scene_32:_Judy's_Epiphany,Gideon Grey,"Hey, Judy. I'd just like to say, I'm sorry for the way I behaved in my youth. I-I-I had a lot of self-doubt and it manifested itself in the form of unchecked rage and aggression. I was a major jerk."
742,Scene_32:_Judy's_Epiphany,Judy Hopps,"Well, I know a thing or two about being a jerk."
743,Scene_32:_Judy's_Epiphany,Gideon Grey,"Anyhow, I-I brought y'all these pies."
744,Scene_32:_Judy's_Epiphany,Stu Hopps,"Hey, kids! Don't you run through that Midnicampum holicithias!"
745,Scene_32:_Judy's_Epiphany,Rabbit girl,"Whoa, whoa, whoa!"
746,Scene_32:_Judy's_Epiphany,Gideon Grey,"Well, now there's a four-dollar word, Mr. H, my family always just called them Night howlers."
747,Scene_32:_Judy's_Epiphany,Judy Hopps,"I'm sorry, what did you say?"
748,Scene_32:_Judy's_Epiphany,Stu Hopps,"Oh, Gid's talking about those flowers, Judy. I use 'em to keep the bugs off the produce, but I don't like the little ones going near 'em on account of what happened to your Uncle Terry."
749,Scene_32:_Judy's_Epiphany,Bonnie Hopps,"Yeah, Terry ate one whole when we were kids and went completely nuts."
750,Scene_32:_Judy's_Epiphany,Stu Hopps,He bit the dickens out of your mother.
751,Scene_32:_Judy's_Epiphany,Judy Hopps,A bunny can go savage.
752,Scene_32:_Judy's_Epiphany,Bonnie Hopps,"Savage? Well, that's a strong word, but it did hurt like the devil."
753,Scene_32:_Judy's_Epiphany,Stu Hopps,"Well, sure it did. There's a sizable divot in your arm. I'd call that savage!"
754,Scene_32:_Judy's_Epiphany,Judy Hopps,"Night howlers aren't wolves, they're flowers. The flowers are making the predators go savage. That's it! That's what I've been missing! Oh, keys, keys, keys, keys, hurry, come on! Thank you! I love you, bye!"
755,Scene_32:_Judy's_Epiphany,Stu Hopps,"You catch any of that, Bon?"
756,Scene_32:_Judy's_Epiphany,Bonnie Hopps,Not one bit.
757,Scene_32:_Judy's_Epiphany,Gideon Grey,"Well, that makes me feel a little bit better, I thought she was talking in tongues or something."
758,Scene_33:_Judy_and_Nick_Reconcile,Finnick,Who is it?!
759,Scene_33:_Judy_and_Nick_Reconcile,Judy Hopps,"I need to find Nick. Please. Nick? Nick? Oh, Nick! Night howlers aren't wolves, they're toxic flowers! I think someone is targeting predators on purpose and making them go savage."
760,Scene_33:_Judy_and_Nick_Reconcile,Nick Wilde,Wow. Isn't that interesting?
761,Scene_33:_Judy_and_Nick_Reconcile,Judy Hopps,"Wait! Uh, wait, listen! I-I know you'll never forgive me, and I don't blame you - I wouldn't forgive me either. I was ignorant, and irresponsible, and small-minded. But predators shouldn't suffer because of my mistakes. I have to fix this. But I can't do it without you. And... And after we're done, you can hate me, and... and that'll be fine, because I was a horrible friend, and I hurt you, and you... and you can walk away, knowing that you were right all along - I really am just a dumb bunny."
762,Scene_33:_Judy_and_Nick_Reconcile,Judy Hopps,I really am just a dumb bunny. I really am just a dumb bunny.
763,Scene_33:_Judy_and_Nick_Reconcile,Nick Wilde,"Don't worry, Carrots. I'll let you erase it... in 48 hours. All right, get in here. Okay, oh, you bunnies, you're so emotional. There we go, deep breath. Are you- are you just trying to steal the pen? Is that what this is? You are standing on my tail, though. Off, off-off-off."
764,Scene_33:_Judy_and_Nick_Reconcile,Judy Hopps,"Oh, I'm sorry."
765,Scene_34:_Judy_and_Nick_Question_Duke_Weaselton,Nick Wilde,"Ooh, I thought you guys only grew carrots! Mm! What's your plan?"
766,Scene_34:_Judy_and_Nick_Question_Duke_Weaselton,Judy Hopps,We are gonna follow the Night howlers.
767,Scene_34:_Judy_and_Nick_Question_Duke_Weaselton,Nick Wilde,Okay. How?
768,Scene_34:_Judy_and_Nick_Question_Duke_Weaselton,Judy Hopps,Know this guy?
769,Scene_34:_Judy_and_Nick_Question_Duke_Weaselton,Nick Wilde,"Uh-huh. I told you, I know everybody!"
770,Scene_34:_Judy_and_Nick_Question_Duke_Weaselton,Duke Weaselton,"Ha-ha! Well, hello! Step right up. Anything you need, I got it. All your favorite movies! I've got movies that haven't even been released yet! Hey, 15% off. 20! Make me an offer! Come on!"
771,Scene_34:_Judy_and_Nick_Question_Duke_Weaselton,Nick Wilde,"Well, well. Look who it is, the Duke of Bootleg."
772,Scene_34:_Judy_and_Nick_Question_Duke_Weaselton,Duke Weaselton,"What's it to you, Wilde? Shouldn't you be melting down a  Popsicle or something? Hey, if it isn't Flopsy the Copsy."
773,Scene_34:_Judy_and_Nick_Question_Duke_Weaselton,Judy Hopps,"We both know those weren't moldy onions I caught you stealing. What were you gonna do with those Night howlers, Weselton?"
774,Scene_34:_Judy_and_Nick_Question_Duke_Weaselton,Duke Weaselton,"It's Weaselton! Duke Weaselton! And I ain't talking, Rabbit. And there ain't nothing you can do to make me."
775,Scene_35:_Duke_Spills_the_Beans,Mr. Big,Ice him!
776,Scene_35:_Duke_Spills_the_Beans,Duke Weaselton,You dirty rat! Why are you helping her? She's a cop!
777,Scene_35:_Duke_Spills_the_Beans,Mr. Big,And the godmother to my future granddaughter.
778,Scene_35:_Duke_Spills_the_Beans,Fru Fru,I'm gonna name her Judy!
779,Scene_35:_Duke_Spills_the_Beans,Judy Hopps,Aww!
780,Scene_35:_Duke_Spills_the_Beans,Mr. Big,Ice this weasel.
781,Scene_35:_Duke_Spills_the_Beans,Duke Weaselton,"Ahh! All right, all right, please! I'll talk! I'll talk! I stole them Night howlers so I could sell 'em. They offered me what I couldn't refuse - money."
782,Scene_35:_Duke_Spills_the_Beans,Judy Hopps,And to whom did you sell them?
783,Scene_35:_Duke_Spills_the_Beans,Duke Weaselton,A ram named Doug. We got a drop spot underground. Just watch it; Doug is the opposite of friendly. He's unfriendly.
784,Scene_36:_The_Train_Car_Chase,Judy Hopps,Come on.
785,Scene_36:_The_Train_Car_Chase,Judy Hopps,The weasel wasn't lying.
786,Scene_36:_The_Train_Car_Chase,Nick Wilde,"Yeah, it looks like old Doug's cornered the market on Night howlers."
787,Scene_36:_The_Train_Car_Chase,Doug Ramses,"You got Doug here. What's the mark? Cheetah in Sahara Square, got it. You serious? Yeah, I know they're fast, I can hit him. Listen, I hit a tiny little otter through the open window of a moving car."
788,Scene_36:_The_Train_Car_Chase,Doug Ramses,"Yeah, I'll buzz you when it's done. Or you'll see it on the news, you know, whichever comes first."
789,Scene_36:_The_Train_Car_Chase,Woolter,"Hey, Doug, open up! We've got your latte!"
790,Scene_36:_The_Train_Car_Chase,Doug Ramses,"Alright, Woolter and Jesse are back so I'm leaving now. Out."
791,Scene_36:_The_Train_Car_Chase,Nick Wilde,"Where are you going? Where are you going? Get back here! What are you doing, he's gonna see you! What are you looking at?! Hey! Whatever you're thinking, stop thinking it! Carrots! Carrots!"
792,Scene_36:_The_Train_Car_Chase,Doug Ramses,Better have the extra foam this time-
793,Scene_36:_The_Train_Car_Chase,Woolter,Hey! Open up!
794,Scene_36:_The_Train_Car_Chase,Nick Wilde,What are you doing?! You just trapped us in here!
795,Scene_36:_The_Train_Car_Chase,Judy Hopps,We need to get this evidence to the ZPD!
796,Scene_36:_The_Train_Car_Chase,Nick Wilde,"Okay, great, here it is. Got it."
797,Scene_36:_The_Train_Car_Chase,Judy Hopps,No. All of it!
798,Scene_36:_The_Train_Car_Chase,Nick Wilde,"Wait, what? Great, you're a conductor now, huh? Hey, listen, it would take a miracle to get this rust bucket going. Well, hallelujah!"
799,Scene_36:_The_Train_Car_Chase,Jesse,We kinda got a situation at the lab... Oh! It just got worse!
800,Scene_36:_The_Train_Car_Chase,Nick Wilde,Mission accomplished. Would it be premature for me to do a little victory toot-toot?
801,Scene_36:_The_Train_Car_Chase,Judy Hopps,All right. One toot-toot.
802,Scene_36:_The_Train_Car_Chase,Nick Wilde,"Well, I can cross that off the bucket list."
803,Scene_36:_The_Train_Car_Chase,Nick Wilde,I may have to rescind that victory toot-toot. Maybe that's just hail?
804,Scene_36:_The_Train_Car_Chase,Nick Wilde,Back off! Oh!
805,Scene_36:_The_Train_Car_Chase,Nick Wilde,Incoming!
806,Scene_36:_The_Train_Car_Chase,Nick Wilde,Carrots!
807,Scene_36:_The_Train_Car_Chase,Judy Hopps,"Don't stop, keep going!"
808,Scene_36:_The_Train_Car_Chase,Jesse,No! No! Please stop!
809,Scene_36:_The_Train_Car_Chase,Judy Hopps,Do not stop this car!
810,Scene_36:_The_Train_Car_Chase,Judy Hopps,"Speed up, Nick, speed up!"
811,Scene_36:_The_Train_Car_Chase,Nick Wilde,There's another train coming!
812,Scene_36:_The_Train_Car_Chase,Judy Hopps,Trust me. Speed up!
813,Scene_36:_The_Train_Car_Chase,Woolter,Stop the train!
814,Scene_36:_The_Train_Car_Chase,Judy Hopps,Hey! Need some help?
815,Scene_36:_The_Train_Car_Chase,Nick Wilde,"Oh no, oh no, no, no, too fast! Too fast, hold on!"
816,Scene_36:_The_Train_Car_Chase,Nick Wilde,I think this is our stop!
817,Scene_36:_The_Train_Car_Chase,Judy Hopps,"Okay, maybe... Maybe some of the evidence survived."
818,Scene_36:_The_Train_Car_Chase,Judy Hopps,Everything is gone. We've lost it all...
819,Scene_36:_The_Train_Car_Chase,Nick Wilde,"Yeah. Oh, except for this."
820,Scene_36:_The_Train_Car_Chase,Judy Hopps,"Ooh, Nick! Yes!"
821,Scene_36:_The_Train_Car_Chase,Nick Wilde,Ow...
822,Scene_36:_The_Train_Car_Chase,Judy Hopps,Come on! We gotta get to the ZPD. Cut through the Natural History Museum!
823,Scene_37:_The_True_Villain,Judy Hopps,"Look, there it is!"
824,Scene_37:_The_True_Villain,Dawn Bellwether,Judy! Judy!
825,Scene_37:_The_True_Villain,Judy Hopps,Mayor Bellwether! We found out what's happening. Someone's darting predators with a serum. That's what's making them go savage!
826,Scene_37:_The_True_Villain,Dawn Bellwether,"I'm so proud of you, Judy. You did just a super job."
827,Scene_37:_The_True_Villain,Judy Hopps,"Thank you, ma'am! ...How did you know where to find us?"
828,Scene_37:_The_True_Villain,Dawn Bellwether,"I'll go ahead and take that case, now."
829,Scene_37:_The_True_Villain,Judy Hopps,"Uh, you know what, I think Nick and I will just take this to the ZPD."
830,Scene_37:_The_True_Villain,Judy Hopps,Run!
831,Scene_37:_The_True_Villain,Dawn Bellwether,Get them!
832,Scene_37:_The_True_Villain,Nick Wilde,"Carrots! I got you. Come here. Okay, just relax. Whoops! Blueberry?"
833,Scene_37:_The_True_Villain,Judy Hopps,Pass.
834,Scene_37:_The_True_Villain,Dawn Bellwether,"Come on out, Judy."
835,Scene_37:_The_True_Villain,Judy Hopps,Take the case. Get it to Bogo.
836,Scene_37:_The_True_Villain,Nick Wilde,I'm not gonna leave you behind; that's not happening.
837,Scene_37:_The_True_Villain,Judy Hopps,I can't walk!
838,Scene_37:_The_True_Villain,Nick Wilde,Just... We'll think of something.
839,Scene_37:_The_True_Villain,Dawn Bellwether,"We're on the same team, Judy! Underestimated, underappreciated... Aren't you sick of it? Predators - they may be strong and loud, but prey outnumber predators ten-to-one. Think of it - 90% of the population united against a common enemy. We'll be unstoppable."
840,Scene_37:_The_True_Villain,Dawn Bellwether,Over there!
841,Scene_37:_The_True_Villain,Dawn Bellwether,"Well, you should have just stayed on the carrot farm, huh? It really is too bad, I... I did like you."
842,Scene_37:_The_True_Villain,Judy Hopps,What are you gonna do? Kill me?
843,Scene_37:_The_True_Villain,Dawn Bellwether,"Oh, no, of course not, ha ha. He is!"
844,Scene_37:_The_True_Villain,Judy Hopps,"No! Oh, Nick!"
845,Scene_37:_The_True_Villain,Dawn Bellwether,"Yes, police?! There's a savage fox in the Natural History Museum! Officer Hopps is down! Please hurry!"
846,Scene_37:_The_True_Villain,Judy Hopps,"No, Nick! Don't do this; fight it!"
847,Scene_37:_The_True_Villain,Dawn Bellwether,"Oh, but he can't help it, can he? Since preds are just ""biologically predisposed"" to be savages."
848,Scene_37:_The_True_Villain,Dawn Bellwether,"Gosh, think of the headlines! ""Hero Cop Killed by Savage Fox!"""
849,Scene_37:_The_True_Villain,Judy Hopps,So that's it? Prey fears predators and you stay in power?
850,Scene_37:_The_True_Villain,Dawn Bellwether,"Yeah, pretty much."
851,Scene_37:_The_True_Villain,Judy Hopps,It won't work!
852,Scene_37:_The_True_Villain,Dawn Bellwether,Fear always works! And I'll dart every predator in Zootopia to keep it that way.
853,Scene_37:_The_True_Villain,Judy Hopps,"Oh, Nick... no..."
854,Scene_37:_The_True_Villain,Dawn Bellwether,"Bye-bye, Bunny."
855,Scene_37:_The_True_Villain,Judy Hopps,Bleeeeeeh! Blood! Blood! Blood! And... death.
856,Scene_37:_The_True_Villain,Nick Wilde,"All right, you know, you're milking it. Besides, I think we got it. I think we got it! We got it up there! Thank you, yackety-yak! You laid it all out beautifully!"
857,Scene_37:_The_True_Villain,Dawn Bellwether,What?
858,Scene_37:_The_True_Villain,Nick Wilde,"Yeah, oh, are, are you looking for the serum? Well, it's right here."
859,Scene_37:_The_True_Villain,Judy Hopps,What you've got in the weapon there? Those are blueberries. From my family's farm!
860,Scene_37:_The_True_Villain,Nick Wilde,"Mwah! They are delicious, you should try some."
861,Scene_37:_The_True_Villain,Dawn Bellwether,"I framed Lionheart, I can frame you too! It's my word against yours."
862,Scene_37:_The_True_Villain,Judy Hopps,Ooh! Actually...
863,Scene_37:_The_True_Villain,Dawn Bellwether,And I'll dart every predator in Zootopia to keep it that way.
864,Scene_37:_The_True_Villain,Judy Hopps,...it's your word against yours.
865,Scene_37:_The_True_Villain,Dawn Bellwether,Huh?
866,Scene_37:_The_True_Villain,Judy Hopps,"It's called a hustle, sweetheart. Boom."
867,Scene_38:_Judy's_Speech,Fabienne Growley,"Former Mayor Dawn Bellwether is behind bars today, guilty of masterminding the savage attacks that have plagued Zootopia of late."
868,Scene_38:_Judy's_Speech,Peter Moosebridge,"Her predecessor, Leodore Lionheart, denies any knowledge of her plot, claiming he was just trying to protect the city."
869,Scene_38:_Judy's_Speech,Leodore Lionheart,"Did I falsely imprison those animals? Well, yes. Yes, I did. It was a classic ""doing the wrong thing for the right reason"" kind of a deal."
870,Scene_38:_Judy's_Speech,Fabienne Growley,"In related news, doctors say the Night howler antidote is proving effective in rehabilitating the afflicted predators."
871,Scene_38:_Judy's_Speech,Mrs. Otterton,"Emmitt? Oh, Emmitt! Thank you."
872,Scene_38:_Judy's_Speech,Judy Hopps,"When I was a kid, I thought Zootopia was this perfect place, where everyone got along and anyone could be anything. Turns out, real life is a little bit more complicated than a slogan on a bumper sticker. Real life is messy. We all have limitations, we all make mistakes, which means - hey, glass half full! - we all have a lot in common. And the more we try to understand one another, the more exceptional each of us will be. But we have to try. So no matter what type of animal you are; from the biggest elephant, to our first fox, I implore you - try. Try to make the world a better place. Look inside yourself and recognize that change starts with you. It starts with me. It starts with all of us."
873,Scene_39:_Return_to_the_Bullpen,Chief Bogo,"All right, all right, enough. Shut it! We have some new recruits with us this morning, including our first fox. Who cares?"
874,Scene_39:_Return_to_the_Bullpen,Nick Wilde,"Ha! You should have your own line of inspirational greeting cards, sir!"
875,Scene_39:_Return_to_the_Bullpen,Chief Bogo,"Shut your mouth, Wilde!"
876,Scene_39:_Return_to_the_Bullpen,Chief Bogo,"Assignments: Officers Grizzoli, Fangmeyer, Delgato - Tundratown SWAT. Snarlov, Higgins, Wolfard - undercover. Hopps, Wilde... parking duty. Dismissed. Just kidding! We have reports of a street racer tearing up Savannah Central. Find him. Shut him down."
877,Scene_40:_The_Street_Racer,Nick Wilde,"So, are all rabbits bad drivers, or is it just you?"
878,Scene_40:_The_Street_Racer,Judy Hopps,Oops. Sorry.
879,Scene_40:_The_Street_Racer,Nick Wilde,Sly bunny.
880,Scene_40:_The_Street_Racer,Judy Hopps,Dumb fox!
881,Scene_40:_The_Street_Racer,Nick Wilde,You know you love me.
882,Scene_40:_The_Street_Racer,Judy Hopps,"Do I know that? Yes. Yes, I do."
883,Scene_40:_The_Street_Racer,Judy Hopps,"Sir, you were going 115 miles per hour, I hope you have a good explanation."
884,Scene_40:_The_Street_Racer,Nick Wilde,"Flash, Flash, hundred-yard dash!"
885,Scene_40:_The_Street_Racer,Flash Slothmore,Niiiick...
886,Scene_41:_Gazelle's_Concert,Gazelle,"Good evening, Zootopia! Come on, everybody, put your paws up!"
887,Scene_41:_Gazelle's_Concert,Gazelle,"Put your paws in the air, come on!"
888,Scene_41:_Gazelle's_Concert,Gazelle,"Come on! Shake your tails with me, come on! Yeah!"
